step,split,matmul,mae,rmse,max_abs
0,train,model.layers.0.self_attn.q_proj,0.008927373914048076,0.01625502621755004,0.23969268798828125
0,train,model.layers.0.self_attn.k_proj,0.024722203612327576,0.05191065929830074,0.4443817138671875
0,train,model.layers.0.self_attn.v_proj,0.0006007076299283653,0.0007940090436022729,0.005243659019470215
0,train,model.layers.0.self_attn.o_proj,0.0004989395165466703,0.0008065122383413836,0.03156992793083191
0,train,model.layers.0.mlp.gate_proj,0.01653902092948556,0.023509704507887363,0.47849178314208984
0,train,model.layers.0.mlp.up_proj,0.009345087921246886,0.01231032912619412,0.21903270483016968
0,train,model.layers.0.mlp.down_proj,0.0045960140414536,0.006197500159032643,0.10448360443115234
0,train,model.layers.1.self_attn.q_proj,0.02496101474389434,0.035297163762152195,0.3943507671356201
0,train,model.layers.1.self_attn.k_proj,0.040486483834683895,0.060994273982942104,0.527099609375
0,train,model.layers.1.self_attn.v_proj,0.007558636483736336,0.009698992595076561,0.05053184926509857
0,train,model.layers.1.self_attn.o_proj,0.002770536986645311,0.003719932457897812,0.043695271015167236
0,train,model.layers.1.mlp.gate_proj,0.022692879661917686,0.02978426869958639,0.45949745178222656
0,train,model.layers.1.mlp.up_proj,0.015301245264708996,0.019553844816982746,0.16561001539230347
0,train,model.layers.1.mlp.down_proj,0.006886481656692922,0.008941893000155687,0.08465957641601562
0,train,model.layers.2.self_attn.q_proj,0.024853311479091644,0.03400410804897547,0.2507190704345703
0,train,model.layers.2.self_attn.k_proj,0.037262097001075745,0.049471260979771614,0.251739501953125
0,train,model.layers.2.self_attn.v_proj,0.010154172079637647,0.013064536731690168,0.0680282711982727
0,train,model.layers.2.self_attn.o_proj,0.0030180183239281178,0.004090765432920307,0.058292388916015625
0,train,model.layers.2.mlp.gate_proj,0.02816761890426278,0.03620206005871296,0.6971378326416016
0,train,model.layers.2.mlp.up_proj,0.019782887306064367,0.02572079747915268,1.6731491088867188
0,train,model.layers.2.mlp.down_proj,0.011550493305549026,0.06656526075676084,14.1966552734375
0,train,model.layers.3.self_attn.q_proj,0.028186996467411518,0.04039746709167957,0.41799259185791016
0,train,model.layers.3.self_attn.k_proj,0.03919586166739464,0.05421754624694586,0.3198246955871582
0,train,model.layers.3.self_attn.v_proj,0.01939605036750436,0.02550697047263384,0.12232659757137299
0,train,model.layers.3.self_attn.o_proj,0.0024836578231770545,0.003650431171990931,0.03872525691986084
0,train,model.layers.3.mlp.gate_proj,0.03346384270116687,0.0435256976634264,0.27114903926849365
0,train,model.layers.3.mlp.up_proj,0.02516100089997053,0.032818594947457314,0.3390789031982422
0,train,model.layers.3.mlp.down_proj,0.014501974917948246,0.07817258313298225,11.08056640625
0,train,model.layers.4.self_attn.q_proj,0.03377062454819679,0.046638043597340584,0.3488243818283081
0,train,model.layers.4.self_attn.k_proj,0.04160988796502352,0.0561957573518157,0.33658790588378906
0,train,model.layers.4.self_attn.v_proj,0.032545429188758135,0.04341072030365467,0.25139951705932617
0,train,model.layers.4.self_attn.o_proj,0.004369593225419521,0.0063739350298419595,0.09898948669433594
0,train,model.layers.4.mlp.gate_proj,0.04102834779769182,0.05509023927152157,0.6628527641296387
0,train,model.layers.4.mlp.up_proj,0.03132407506927848,0.04126112535595894,0.2957797646522522
0,train,model.layers.4.mlp.down_proj,0.017052093986421824,0.023013378493487835,0.37008094787597656
0,train,model.layers.5.self_attn.q_proj,0.041141850873827934,0.058153482154011726,0.7458105087280273
0,train,model.layers.5.self_attn.k_proj,0.048804630525410175,0.06759877409785986,0.49079370498657227
0,train,model.layers.5.self_attn.v_proj,0.03849921375513077,0.051333499141037464,0.2938934564590454
0,train,model.layers.5.self_attn.o_proj,0.00438797875540331,0.0064230948919430375,0.15234947204589844
0,train,model.layers.5.mlp.gate_proj,0.057103986851871014,0.07769102603197098,0.6653628349304199
0,train,model.layers.5.mlp.up_proj,0.03811901155859232,0.05061292089521885,0.369370698928833
0,train,model.layers.5.mlp.down_proj,0.01964838244020939,0.026731451507657766,0.23942029476165771
0,train,model.layers.6.self_attn.q_proj,0.04133294802159071,0.060037678107619286,0.6972537040710449
0,train,model.layers.6.self_attn.k_proj,0.054226770997047424,0.07570582441985607,0.5157313346862793
0,train,model.layers.6.self_attn.v_proj,0.03272623009979725,0.04489604849368334,0.30407679080963135
0,train,model.layers.6.self_attn.o_proj,0.0046209999127313495,0.006866563926450908,0.1060035228729248
0,train,model.layers.6.mlp.gate_proj,0.04720202926546335,0.0640013050287962,0.7595154047012329
0,train,model.layers.6.mlp.up_proj,0.03997422847896814,0.05390821676701307,0.4798734188079834
0,train,model.layers.6.mlp.down_proj,0.02271833596751094,0.03135778149589896,0.2589107155799866
0,train,model.layers.7.self_attn.q_proj,0.04752597864717245,0.06677262205630541,0.5944997668266296
0,train,model.layers.7.self_attn.k_proj,0.0600929781794548,0.08338885195553303,0.6099143028259277
0,train,model.layers.7.self_attn.v_proj,0.04033205285668373,0.055535681545734406,0.41246068477630615
0,train,model.layers.7.self_attn.o_proj,0.004294834041502327,0.006267518852837384,0.14391176402568817
0,train,model.layers.7.mlp.gate_proj,0.05012153368443251,0.06941611226648092,0.7951096296310425
0,train,model.layers.7.mlp.up_proj,0.04562911670655012,0.06307383812963963,0.684126615524292
0,train,model.layers.7.mlp.down_proj,0.0278212558478117,0.03950126562267542,0.4686104357242584
0,train,model.layers.8.self_attn.q_proj,0.05568066146224737,0.10429965890944004,4.107215881347656
0,train,model.layers.8.self_attn.k_proj,0.07019595894962549,0.10441840626299381,1.0754547119140625
0,train,model.layers.8.self_attn.v_proj,0.043391160666942596,0.06140558607876301,0.5990803241729736
0,train,model.layers.8.self_attn.o_proj,0.004840400186367333,0.008139546844176948,0.2443867325782776
0,train,model.layers.8.mlp.gate_proj,0.05253092851489782,0.07390616554766893,1.1377553939819336
0,train,model.layers.8.mlp.up_proj,0.04654521495103836,0.06460597366094589,0.7247698903083801
0,train,model.layers.8.mlp.down_proj,0.027562446426600218,0.03994992934167385,0.37854719161987305
0,train,model.layers.9.self_attn.q_proj,0.06453937757760286,0.09694026783108711,1.2196333408355713
0,train,model.layers.9.self_attn.k_proj,0.08611530996859074,0.13756759092211723,1.6469062566757202
0,train,model.layers.9.self_attn.v_proj,0.056656401604413986,0.0788212288171053,0.567508339881897
0,train,model.layers.9.self_attn.o_proj,0.0031868438236415386,0.004985819628927857,0.07222616672515869
0,train,model.layers.9.mlp.gate_proj,0.055681174620985985,0.07917754724621773,0.9363558888435364
0,train,model.layers.9.mlp.up_proj,0.051687972620129585,0.07293175533413887,0.9012451767921448
0,train,model.layers.9.mlp.down_proj,0.028224224224686623,0.04167452082037926,0.9468545913696289
0,train,model.layers.10.self_attn.q_proj,0.06040208600461483,0.08932485245168209,1.2327110767364502
0,train,model.layers.10.self_attn.k_proj,0.06958921533077955,0.10217897035181522,1.1031725406646729
0,train,model.layers.10.self_attn.v_proj,0.06968541070818901,0.09702104516327381,0.9023563861846924
0,train,model.layers.10.self_attn.o_proj,0.005182143300771713,0.00793848151806742,0.21756118535995483
0,train,model.layers.10.mlp.gate_proj,0.05687377881258726,0.08187005668878555,1.145484447479248
0,train,model.layers.10.mlp.up_proj,0.05056744068861008,0.07128007337450981,0.9285149574279785
0,train,model.layers.10.mlp.down_proj,0.02650897391140461,0.039353576954454184,0.7978156805038452
0,train,model.layers.11.self_attn.q_proj,0.07308839913457632,0.11591486819088459,1.5205097198486328
0,train,model.layers.11.self_attn.k_proj,0.09645835869014263,0.16022969596087933,1.6715593338012695
0,train,model.layers.11.self_attn.v_proj,0.06209783535450697,0.08805838041007519,0.8735455274581909
0,train,model.layers.11.self_attn.o_proj,0.002928782720118761,0.0047324131010100245,0.12447082996368408
0,train,model.layers.11.mlp.gate_proj,0.0564007256180048,0.08085192646831274,0.916516900062561
0,train,model.layers.11.mlp.up_proj,0.055542076006531715,0.07909129187464714,1.2339099645614624
0,train,model.layers.11.mlp.down_proj,0.027185145765542984,0.040048299822956324,1.100563406944275
0,train,model.layers.12.self_attn.q_proj,0.07195035461336374,0.10848250798881054,1.383331298828125
0,train,model.layers.12.self_attn.k_proj,0.07629385124891996,0.11208450607955456,0.8387677669525146
0,train,model.layers.12.self_attn.v_proj,0.07883814349770546,0.11367153935134411,0.7599452137947083
0,train,model.layers.12.self_attn.o_proj,0.004930602619424462,0.0074589799623936415,0.0979509949684143
0,train,model.layers.12.mlp.gate_proj,0.056943644769489765,0.0833069859072566,1.3762397766113281
0,train,model.layers.12.mlp.up_proj,0.05602768994867802,0.07987385150045156,1.0265488624572754
0,train,model.layers.12.mlp.down_proj,0.029301362112164497,0.0435054674744606,0.9324829578399658
0,train,model.layers.13.self_attn.q_proj,0.08420675899833441,0.13444126583635807,1.5119280815124512
0,train,model.layers.13.self_attn.k_proj,0.09211383387446404,0.13743535242974758,1.3927364349365234
0,train,model.layers.13.self_attn.v_proj,0.07549968734383583,0.10826188698410988,0.6517208814620972
0,train,model.layers.13.self_attn.o_proj,0.0035945838899351656,0.0056677720276638865,0.15052509307861328
0,train,model.layers.13.mlp.gate_proj,0.060563862323760986,0.0892911572009325,1.6493520736694336
0,train,model.layers.13.mlp.up_proj,0.06248297169804573,0.09051944687962532,1.2796223163604736
0,train,model.layers.13.mlp.down_proj,0.033329158555716276,0.04978870879858732,0.7860186100006104
0,train,model.layers.14.self_attn.q_proj,0.08484350983053446,0.13032669574022293,1.8857688903808594
0,train,model.layers.14.self_attn.k_proj,0.08725026808679104,0.132910231128335,1.6284146308898926
0,train,model.layers.14.self_attn.v_proj,0.08768162690103054,0.12487621419131756,1.1353888511657715
0,train,model.layers.14.self_attn.o_proj,0.005996379652060568,0.010049865231849253,0.3192833662033081
0,train,model.layers.14.mlp.gate_proj,0.061284445226192474,0.0903704110532999,1.332470178604126
0,train,model.layers.14.mlp.up_proj,0.0604809308424592,0.08716286066919565,0.9403080940246582
0,train,model.layers.14.mlp.down_proj,0.037933732848614454,0.05784570053219795,0.7298316955566406
0,train,model.layers.15.self_attn.q_proj,0.08428546786308289,0.12729832157492638,1.6678335666656494
0,train,model.layers.15.self_attn.k_proj,0.08587216213345528,0.13033259101212025,1.1744885444641113
0,train,model.layers.15.self_attn.v_proj,0.07087714411318302,0.10137135535478592,0.8437080383300781
0,train,model.layers.15.self_attn.o_proj,0.004131143796257675,0.0068879753816872835,0.23442313075065613
0,train,model.layers.15.mlp.gate_proj,0.06372448988258839,0.09211298637092113,1.2606725692749023
0,train,model.layers.15.mlp.up_proj,0.06408292707055807,0.09214708767831326,1.6089370250701904
0,train,model.layers.15.mlp.down_proj,0.037759482860565186,0.05554254911839962,1.4568378925323486
0,train,model.layers.16.self_attn.q_proj,0.08441016264259815,0.13625496439635754,1.457122802734375
0,train,model.layers.16.self_attn.k_proj,0.09777585603296757,0.14969898387789726,1.3590936660766602
0,train,model.layers.16.self_attn.v_proj,0.057313067838549614,0.07998280320316553,0.6528050899505615
0,train,model.layers.16.self_attn.o_proj,0.0034141279757022858,0.006346835871227086,0.2532554864883423
0,train,model.layers.16.mlp.gate_proj,0.06812824308872223,0.0982514563947916,1.0797125101089478
0,train,model.layers.16.mlp.up_proj,0.06205080542713404,0.08902478311210871,1.405738115310669
0,train,model.layers.16.mlp.down_proj,0.04151803441345692,0.060070483945310116,1.443089485168457
0,train,model.layers.17.self_attn.q_proj,0.08335489500313997,0.12684567645192146,1.6812870502471924
0,train,model.layers.17.self_attn.k_proj,0.08163841255009174,0.12599271535873413,1.1105918884277344
0,train,model.layers.17.self_attn.v_proj,0.0688257534056902,0.09803098998963833,0.7331675887107849
0,train,model.layers.17.self_attn.o_proj,0.004490151535719633,0.007252461393363774,0.12912392616271973
0,train,model.layers.17.mlp.gate_proj,0.08441138733178377,0.1228302288800478,2.1441195011138916
0,train,model.layers.17.mlp.up_proj,0.07166542299091816,0.10332022421061993,1.0395636558532715
0,train,model.layers.17.mlp.down_proj,0.05030901916325092,0.07500380091369152,1.6173017024993896
0,train,model.layers.18.self_attn.q_proj,0.07636862341314554,0.11438940279185772,1.4036717414855957
0,train,model.layers.18.self_attn.k_proj,0.0799125749617815,0.11655474454164505,0.9933319091796875
0,train,model.layers.18.self_attn.v_proj,0.07482833135873079,0.10583727806806564,0.7876296043395996
0,train,model.layers.18.self_attn.o_proj,0.005224488617386669,0.008860899251885712,0.1936013102531433
0,train,model.layers.18.mlp.gate_proj,0.07696842029690742,0.1114480271935463,1.4808083772659302
0,train,model.layers.18.mlp.up_proj,0.07094122003763914,0.10156805627048016,0.9972823262214661
0,train,model.layers.18.mlp.down_proj,0.051469773054122925,0.07651036884635687,0.7616758346557617
0,train,model.layers.19.self_attn.q_proj,0.07383049465715885,0.11341725289821625,1.2153620719909668
0,train,model.layers.19.self_attn.k_proj,0.07741270866245031,0.11240236833691597,1.0685889720916748
0,train,model.layers.19.self_attn.v_proj,0.07793864887207747,0.11123610660433769,0.9479148983955383
0,train,model.layers.19.self_attn.o_proj,0.005612075445242226,0.009253978729248047,0.14906591176986694
0,train,model.layers.19.mlp.gate_proj,0.08528613671660423,0.12465676665306091,1.9407758712768555
0,train,model.layers.19.mlp.up_proj,0.08144481107592583,0.11761554330587387,1.2211638689041138
0,train,model.layers.19.mlp.down_proj,0.06416718941181898,0.09504324104636908,1.2807676792144775
0,train,model.layers.20.self_attn.q_proj,0.08000333793461323,0.12151600047945976,1.4577593803405762
0,train,model.layers.20.self_attn.k_proj,0.07771517988294363,0.11737696081399918,1.2235848903656006
0,train,model.layers.20.self_attn.v_proj,0.09020905569195747,0.1276467815041542,0.940213680267334
0,train,model.layers.20.self_attn.o_proj,0.0073214404983446,0.010776156559586525,0.23943614959716797
0,train,model.layers.20.mlp.gate_proj,0.08766724914312363,0.127802150323987,1.8766003847122192
0,train,model.layers.20.mlp.up_proj,0.08660193905234337,0.12506663240492344,1.3846969604492188
0,train,model.layers.20.mlp.down_proj,0.07562328688800335,0.1121384147554636,1.6469879150390625
0,train,model.layers.21.self_attn.q_proj,0.07014238648116589,0.10635753720998764,1.2656760215759277
0,train,model.layers.21.self_attn.k_proj,0.06529507972300053,0.10063727013766766,1.1508865356445312
0,train,model.layers.21.self_attn.v_proj,0.16330628655850887,0.23675013333559036,2.1236519813537598
0,train,model.layers.21.self_attn.o_proj,0.00950563105288893,0.01808823528699577,0.6401106715202332
0,train,model.layers.21.mlp.gate_proj,0.08662483002990484,0.1260742973536253,4.871978759765625
0,train,model.layers.21.mlp.up_proj,0.08676149323582649,0.12627708166837692,6.746726989746094
0,train,model.layers.21.mlp.down_proj,0.07336913514882326,0.17919846065342426,20.701416015625
0,train,model.layers.22.self_attn.q_proj,0.08324469160288572,0.1590605303645134,4.441136837005615
0,train,model.layers.22.self_attn.k_proj,0.07404131907969713,0.1395031437277794,3.501513957977295
0,train,model.layers.22.self_attn.v_proj,0.1160076055675745,0.16161786392331123,1.342139482498169
0,train,model.layers.22.self_attn.o_proj,0.016238567885011435,0.03473790641874075,3.6879422664642334
0,train,model.layers.22.mlp.gate_proj,0.09134334325790405,0.1585205439478159,5.126214981079102
0,train,model.layers.22.mlp.up_proj,0.09642073698341846,0.18012420274317265,9.474534034729004
0,train,model.layers.22.mlp.down_proj,0.11159950494766235,0.23449528589844704,10.24303150177002
0,train,model.layers.23.self_attn.q_proj,0.08279908448457718,0.1662034522742033,5.398355007171631
0,train,model.layers.23.self_attn.k_proj,0.07774136494845152,0.15077036246657372,2.7419686317443848
0,train,model.layers.23.self_attn.v_proj,0.12369716912508011,0.19519870728254318,2.9168639183044434
0,train,model.layers.23.self_attn.o_proj,0.026920505799353123,0.07590357773005962,7.300612926483154
0,train,model.layers.23.mlp.gate_proj,0.11644468456506729,0.22547407634556293,9.377102851867676
0,train,model.layers.23.mlp.up_proj,0.11679832451045513,0.23535215109586716,10.356588363647461
0,train,model.layers.23.mlp.down_proj,0.17900310084223747,0.48714569956064224,26.784610748291016
0,train,lm_head,0.14275827072560787,0.17796488851308823,0.9421396255493164
0,eval,model.layers.0.self_attn.q_proj,0.009157076943665743,0.016502046026289463,0.2198486328125
0,eval,model.layers.0.self_attn.k_proj,0.024844681844115257,0.052329296246171,0.4435882568359375
0,eval,model.layers.0.self_attn.v_proj,0.0006025683542247862,0.0007963409007061273,0.005243659019470215
0,eval,model.layers.0.self_attn.o_proj,0.00039937197288963944,0.0006222648662514985,0.02422255277633667
0,eval,model.layers.0.mlp.gate_proj,0.015154235996305943,0.021673857234418392,0.595728874206543
0,eval,model.layers.0.mlp.up_proj,0.008830336853861809,0.011501826345920563,0.18733012676239014
0,eval,model.layers.0.mlp.down_proj,0.004260665504261851,0.005707433680072427,0.09364032745361328
0,eval,model.layers.1.self_attn.q_proj,0.023363824002444744,0.0328884981572628,0.2797586917877197
0,eval,model.layers.1.self_attn.k_proj,0.038325872272253036,0.06035235710442066,0.549102783203125
0,eval,model.layers.1.self_attn.v_proj,0.007028966676443815,0.008962932974100113,0.05135449767112732
0,eval,model.layers.1.self_attn.o_proj,0.002667349064722657,0.003613772219978273,0.048050522804260254
0,eval,model.layers.1.mlp.gate_proj,0.021284012123942375,0.027761162258684635,0.44675159454345703
0,eval,model.layers.1.mlp.up_proj,0.014330999925732613,0.018157651647925377,0.12006673216819763
0,eval,model.layers.1.mlp.down_proj,0.006603952497243881,0.008464120328426361,0.10412454605102539
0,eval,model.layers.2.self_attn.q_proj,0.02373313531279564,0.03233076073229313,0.2303447723388672
0,eval,model.layers.2.self_attn.k_proj,0.036097340285778046,0.048024240881204605,0.3074188232421875
0,eval,model.layers.2.self_attn.v_proj,0.009717839770019054,0.01250934461131692,0.07288873195648193
0,eval,model.layers.2.self_attn.o_proj,0.0030614129500463605,0.004135084338486195,0.07396644353866577
0,eval,model.layers.2.mlp.gate_proj,0.027288399636745453,0.03490321338176727,0.45720767974853516
0,eval,model.layers.2.mlp.up_proj,0.018886053934693336,0.024534006603062153,1.6731491088867188
0,eval,model.layers.2.mlp.down_proj,0.012056031730026007,0.09092779457569122,14.1966552734375
0,eval,model.layers.3.self_attn.q_proj,0.026843344792723656,0.0383761040866375,0.34351348876953125
0,eval,model.layers.3.self_attn.k_proj,0.03660319745540619,0.050360143184661865,0.3182950019836426
0,eval,model.layers.3.self_attn.v_proj,0.019514817744493484,0.025455670431256294,0.11318433284759521
0,eval,model.layers.3.self_attn.o_proj,0.002387846470810473,0.0034678379306569695,0.03200379014015198
0,eval,model.layers.3.mlp.gate_proj,0.0319964773952961,0.04153630509972572,0.2557976245880127
0,eval,model.layers.3.mlp.up_proj,0.024111981503665447,0.031342888250947,0.2724437713623047
0,eval,model.layers.3.mlp.down_proj,0.013742072973400354,0.07015528902411461,8.75201416015625
0,eval,model.layers.4.self_attn.q_proj,0.03168566711246967,0.04348130710422993,0.30534058809280396
0,eval,model.layers.4.self_attn.k_proj,0.03902960568666458,0.05235409922897816,0.23277854919433594
0,eval,model.layers.4.self_attn.v_proj,0.030464589595794678,0.040793294087052345,0.1818532943725586
0,eval,model.layers.4.self_attn.o_proj,0.003945857752114534,0.005824380554258823,0.06132715940475464
0,eval,model.layers.4.mlp.gate_proj,0.03939206898212433,0.05296499282121658,0.5820949077606201
0,eval,model.layers.4.mlp.up_proj,0.029843381606042385,0.03927210345864296,0.24772769212722778
0,eval,model.layers.4.mlp.down_proj,0.01666084583848715,0.022440065629780293,0.36106348037719727
0,eval,model.layers.5.self_attn.q_proj,0.040301963686943054,0.05764186941087246,0.5710411071777344
0,eval,model.layers.5.self_attn.k_proj,0.04750324785709381,0.06705326959490776,0.3664742708206177
0,eval,model.layers.5.self_attn.v_proj,0.037628477439284325,0.05101411230862141,0.21550866961479187
0,eval,model.layers.5.self_attn.o_proj,0.0035820078337565064,0.005463958252221346,0.08264672756195068
0,eval,model.layers.5.mlp.gate_proj,0.05683661811053753,0.07756943255662918,0.5789446830749512
0,eval,model.layers.5.mlp.up_proj,0.037342989817261696,0.049783775582909584,0.3219791650772095
0,eval,model.layers.5.mlp.down_proj,0.01950098481029272,0.02687354851514101,0.2265489101409912
0,eval,model.layers.6.self_attn.q_proj,0.04074155353009701,0.05957566760480404,0.589667797088623
0,eval,model.layers.6.self_attn.k_proj,0.05481641739606857,0.0789199210703373,0.5254284143447876
0,eval,model.layers.6.self_attn.v_proj,0.032683052122592926,0.0457579530775547,0.27325350046157837
0,eval,model.layers.6.self_attn.o_proj,0.0037675012135878205,0.005499048158526421,0.11808405816555023
0,eval,model.layers.6.mlp.gate_proj,0.0488242544233799,0.06630711257457733,0.5232826471328735
0,eval,model.layers.6.mlp.up_proj,0.04023931361734867,0.05441885069012642,0.38127851486206055
0,eval,model.layers.6.mlp.down_proj,0.02476658020168543,0.034704914316534996,0.22353041172027588
0,eval,model.layers.7.self_attn.q_proj,0.04958644136786461,0.07090957090258598,0.7473764419555664
0,eval,model.layers.7.self_attn.k_proj,0.06330711022019386,0.08896971121430397,0.41283607482910156
0,eval,model.layers.7.self_attn.v_proj,0.045576173812150955,0.06415000557899475,0.34680187702178955
0,eval,model.layers.7.self_attn.o_proj,0.0042889718897640705,0.0062847493682056665,0.0959157943725586
0,eval,model.layers.7.mlp.gate_proj,0.05462950840592384,0.07630985602736473,0.6210330128669739
0,eval,model.layers.7.mlp.up_proj,0.04956933110952377,0.069346584379673,0.6027628779411316
0,eval,model.layers.7.mlp.down_proj,0.028900424018502235,0.0415026918053627,0.417044997215271
0,eval,model.layers.8.self_attn.q_proj,0.0565674863755703,0.10053738206624985,3.7756223678588867
0,eval,model.layers.8.self_attn.k_proj,0.07391323894262314,0.11122235655784607,1.0897369384765625
0,eval,model.layers.8.self_attn.v_proj,0.04478968307375908,0.06441414728760719,0.4334285259246826
0,eval,model.layers.8.self_attn.o_proj,0.0039533686358481646,0.006651146803051233,0.14413708448410034
0,eval,model.layers.8.mlp.gate_proj,0.05517863668501377,0.0786697044968605,0.9036828279495239
0,eval,model.layers.8.mlp.up_proj,0.049062853679060936,0.06926972419023514,0.7991426587104797
0,eval,model.layers.8.mlp.down_proj,0.028339114040136337,0.042141055688261986,0.5880435705184937
0,eval,model.layers.9.self_attn.q_proj,0.06511052697896957,0.1008300893008709,1.0275917053222656
0,eval,model.layers.9.self_attn.k_proj,0.08918697014451027,0.14223771542310715,0.9414224624633789
0,eval,model.layers.9.self_attn.v_proj,0.05883275903761387,0.08393814787268639,0.498476505279541
0,eval,model.layers.9.self_attn.o_proj,0.0030079055577516556,0.004857251886278391,0.11589586734771729
0,eval,model.layers.9.mlp.gate_proj,0.057027747854590416,0.08227673545479774,0.8515547513961792
0,eval,model.layers.9.mlp.up_proj,0.05357186682522297,0.07719079777598381,0.8480656147003174
0,eval,model.layers.9.mlp.down_proj,0.029450581409037113,0.04404507204890251,0.6034750938415527
0,eval,model.layers.10.self_attn.q_proj,0.06302152574062347,0.09553475677967072,0.7877278327941895
0,eval,model.layers.10.self_attn.k_proj,0.07425899058580399,0.11161670833826065,0.7220019102096558
0,eval,model.layers.10.self_attn.v_proj,0.07330504059791565,0.10580017417669296,0.5681098103523254
0,eval,model.layers.10.self_attn.o_proj,0.004222391871735454,0.006721019744873047,0.12796640396118164
0,eval,model.layers.10.mlp.gate_proj,0.05898724123835564,0.08661544695496559,0.9896105527877808
0,eval,model.layers.10.mlp.up_proj,0.05294732376933098,0.07638285681605339,0.9014303684234619
0,eval,model.layers.10.mlp.down_proj,0.02865017671138048,0.04367474466562271,0.590412974357605
0,eval,model.layers.11.self_attn.q_proj,0.08027685806155205,0.1268061138689518,1.0072264671325684
0,eval,model.layers.11.self_attn.k_proj,0.09763715043663979,0.1576782986521721,1.1902656555175781
0,eval,model.layers.11.self_attn.v_proj,0.06490762904286385,0.0929124690592289,0.44788873195648193
0,eval,model.layers.11.self_attn.o_proj,0.0028276873053982854,0.004611393203958869,0.0936964750289917
0,eval,model.layers.11.mlp.gate_proj,0.05947007052600384,0.08717256039381027,0.9851223230361938
0,eval,model.layers.11.mlp.up_proj,0.05826861970126629,0.0847206600010395,0.7830084562301636
0,eval,model.layers.11.mlp.down_proj,0.028693247586488724,0.04352053254842758,0.9347577095031738
0,eval,model.layers.12.self_attn.q_proj,0.07770495116710663,0.12107152119278908,1.2012746334075928
0,eval,model.layers.12.self_attn.k_proj,0.08859986066818237,0.13467521220445633,0.7949745655059814
0,eval,model.layers.12.self_attn.v_proj,0.08556822687387466,0.12595443427562714,0.84432053565979
0,eval,model.layers.12.self_attn.o_proj,0.004029389936476946,0.006454157643020153,0.12241208553314209
0,eval,model.layers.12.mlp.gate_proj,0.06123119033873081,0.09197046235203743,1.1505889892578125
0,eval,model.layers.12.mlp.up_proj,0.060009999200701714,0.0880100280046463,0.9164121150970459
0,eval,model.layers.12.mlp.down_proj,0.03159879520535469,0.04821418412029743,0.40794849395751953
0,eval,model.layers.13.self_attn.q_proj,0.09199148043990135,0.1488586664199829,1.3525214195251465
0,eval,model.layers.13.self_attn.k_proj,0.09833687171339989,0.15166932344436646,1.0602320432662964
0,eval,model.layers.13.self_attn.v_proj,0.08402582630515099,0.1236501932144165,0.8787357807159424
0,eval,model.layers.13.self_attn.o_proj,0.0025930963456630707,0.004286880954168737,0.057355523109436035
0,eval,model.layers.13.mlp.gate_proj,0.06493966095149517,0.09883484989404678,1.8084412813186646
0,eval,model.layers.13.mlp.up_proj,0.06740402430295944,0.10034636035561562,0.9575420022010803
0,eval,model.layers.13.mlp.down_proj,0.03652953915297985,0.05666714534163475,0.5673890113830566
0,eval,model.layers.14.self_attn.q_proj,0.09882418811321259,0.15965549647808075,1.5407848358154297
0,eval,model.layers.14.self_attn.k_proj,0.09902919456362724,0.1540384665131569,0.9341784715652466
0,eval,model.layers.14.self_attn.v_proj,0.09580794721841812,0.14078572392463684,0.8401570320129395
0,eval,model.layers.14.self_attn.o_proj,0.004433904075995088,0.007917980663478374,0.1523737907409668
0,eval,model.layers.14.mlp.gate_proj,0.06792262941598892,0.10332455113530159,1.2589030265808105
0,eval,model.layers.14.mlp.up_proj,0.06719265133142471,0.1008080430328846,1.118828296661377
0,eval,model.layers.14.mlp.down_proj,0.0458022877573967,0.07458491995930672,0.7873702049255371
0,eval,model.layers.15.self_attn.q_proj,0.09323456138372421,0.14849970489740372,1.3595894575119019
0,eval,model.layers.15.self_attn.k_proj,0.09612398967146873,0.14928153902292252,1.153914213180542
0,eval,model.layers.15.self_attn.v_proj,0.07838592678308487,0.11578091233968735,0.658195972442627
0,eval,model.layers.15.self_attn.o_proj,0.0034715577494353056,0.00604456989094615,0.11627531051635742
0,eval,model.layers.15.mlp.gate_proj,0.07141781598329544,0.10832156985998154,1.8409148454666138
0,eval,model.layers.15.mlp.up_proj,0.07098156958818436,0.10671290755271912,1.3748021125793457
0,eval,model.layers.15.mlp.down_proj,0.04199076443910599,0.06465849094092846,0.7196164131164551
0,eval,model.layers.16.self_attn.q_proj,0.09324219822883606,0.1593523621559143,2.404664993286133
0,eval,model.layers.16.self_attn.k_proj,0.1041954979300499,0.16028258949518204,0.9838213920593262
0,eval,model.layers.16.self_attn.v_proj,0.06441236287355423,0.09286996349692345,0.48170220851898193
0,eval,model.layers.16.self_attn.o_proj,0.0024060521973297,0.003966860007494688,0.08399203419685364
0,eval,model.layers.16.mlp.gate_proj,0.07734932750463486,0.11690869927406311,1.642221212387085
0,eval,model.layers.16.mlp.up_proj,0.07021025940775871,0.10476520285010338,1.102510929107666
0,eval,model.layers.16.mlp.down_proj,0.046072155237197876,0.06969072297215462,1.2289376258850098
0,eval,model.layers.17.self_attn.q_proj,0.09299464896321297,0.14855360984802246,1.5735645294189453
0,eval,model.layers.17.self_attn.k_proj,0.09541566297411919,0.15255050361156464,1.2252230644226074
0,eval,model.layers.17.self_attn.v_proj,0.07688211649656296,0.11384325101971626,0.6548442840576172
0,eval,model.layers.17.self_attn.o_proj,0.003359864349476993,0.005217354046180844,0.06757926940917969
0,eval,model.layers.17.mlp.gate_proj,0.09713337197899818,0.14805302768945694,1.6845908164978027
0,eval,model.layers.17.mlp.up_proj,0.08164079114794731,0.12319128215312958,0.9230421185493469
0,eval,model.layers.17.mlp.down_proj,0.05760161764919758,0.08947324380278587,1.601952075958252
0,eval,model.layers.18.self_attn.q_proj,0.08422528207302094,0.13171017169952393,1.2366714477539062
0,eval,model.layers.18.self_attn.k_proj,0.08986839652061462,0.13653511554002762,0.8828315138816833
0,eval,model.layers.18.self_attn.v_proj,0.08233638852834702,0.12167883291840553,0.7324075698852539
0,eval,model.layers.18.self_attn.o_proj,0.004034303245134652,0.007061862852424383,0.19806018471717834
0,eval,model.layers.18.mlp.gate_proj,0.08717212453484535,0.13156380876898766,1.5849239826202393
0,eval,model.layers.18.mlp.up_proj,0.08083027601242065,0.12095566838979721,0.9421662092208862
0,eval,model.layers.18.mlp.down_proj,0.0582551509141922,0.09213405847549438,1.0949020385742188
0,eval,model.layers.19.self_attn.q_proj,0.08294650539755821,0.13290098309516907,1.282857060432434
0,eval,model.layers.19.self_attn.k_proj,0.08839923143386841,0.13327515870332718,0.7704867124557495
0,eval,model.layers.19.self_attn.v_proj,0.08630919829010963,0.12846138328313828,0.8843541741371155
0,eval,model.layers.19.self_attn.o_proj,0.004900605650618672,0.008137667318806052,0.09954759478569031
0,eval,model.layers.19.mlp.gate_proj,0.0969105213880539,0.14734024554491043,1.3341354131698608
0,eval,model.layers.19.mlp.up_proj,0.09130335226655006,0.13734611123800278,1.169562816619873
0,eval,model.layers.19.mlp.down_proj,0.0717376284301281,0.11134032160043716,1.6108503341674805
0,eval,model.layers.20.self_attn.q_proj,0.09184998646378517,0.14870517700910568,1.6687202453613281
0,eval,model.layers.20.self_attn.k_proj,0.08802112191915512,0.13822393864393234,1.073659896850586
0,eval,model.layers.20.self_attn.v_proj,0.09902431070804596,0.14520332217216492,1.009692907333374
0,eval,model.layers.20.self_attn.o_proj,0.007501234766095877,0.012115868739783764,0.20398736000061035
0,eval,model.layers.20.mlp.gate_proj,0.09890958294272423,0.15141276270151138,1.9038939476013184
0,eval,model.layers.20.mlp.up_proj,0.09808247536420822,0.1478833705186844,1.513377070426941
0,eval,model.layers.20.mlp.down_proj,0.08593582734465599,0.1333184763789177,2.5214757919311523
0,eval,model.layers.21.self_attn.q_proj,0.0783172994852066,0.12446768581867218,0.9983015060424805
0,eval,model.layers.21.self_attn.k_proj,0.07412269711494446,0.11573093384504318,0.8935351371765137
0,eval,model.layers.21.self_attn.v_proj,0.17855481058359146,0.2599685937166214,1.6469084024429321
0,eval,model.layers.21.self_attn.o_proj,0.007167757255956531,0.013734387699514627,0.5125992298126221
0,eval,model.layers.21.mlp.gate_proj,0.09922343119978905,0.1492362841963768,3.2445335388183594
0,eval,model.layers.21.mlp.up_proj,0.09839309751987457,0.14774297922849655,4.219766616821289
0,eval,model.layers.21.mlp.down_proj,0.08725496008992195,0.1865394413471222,20.701416015625
0,eval,model.layers.22.self_attn.q_proj,0.084843460470438,0.13590676710009575,2.0907297134399414
0,eval,model.layers.22.self_attn.k_proj,0.07554847374558449,0.11916866526007652,1.34842848777771
0,eval,model.layers.22.self_attn.v_proj,0.11831467226147652,0.15961004793643951,0.7736063003540039
0,eval,model.layers.22.self_attn.o_proj,0.02152630314230919,0.04568407405167818,2.0310113430023193
0,eval,model.layers.22.mlp.gate_proj,0.09760074317455292,0.1476091369986534,2.2755236625671387
0,eval,model.layers.22.mlp.up_proj,0.10143738985061646,0.15819009393453598,4.090084075927734
0,eval,model.layers.22.mlp.down_proj,0.11541033536195755,0.19693581014871597,2.573538303375244
0,eval,model.layers.23.self_attn.q_proj,0.08466096967458725,0.14121364429593086,2.1612372398376465
0,eval,model.layers.23.self_attn.k_proj,0.077174823731184,0.12690862640738487,1.6287901401519775
0,eval,model.layers.23.self_attn.v_proj,0.1292666718363762,0.18065724521875381,1.286259651184082
0,eval,model.layers.23.self_attn.o_proj,0.026685542427003384,0.06536389887332916,5.8886871337890625
0,eval,model.layers.23.mlp.gate_proj,0.12099901214241982,0.19445113837718964,4.221104621887207
0,eval,model.layers.23.mlp.up_proj,0.11986386775970459,0.19879697263240814,6.494001388549805
0,eval,model.layers.23.mlp.down_proj,0.21027469635009766,0.5440825521945953,26.784610748291016
0,eval,lm_head,0.1497114934027195,0.1909095048904419,1.2375421524047852
10,train,model.layers.0.self_attn.q_proj,0.008927426300942898,0.016254842281341553,0.2397003173828125
10,train,model.layers.0.self_attn.k_proj,0.024722318165004253,0.05191075336188078,0.444366455078125
10,train,model.layers.0.self_attn.v_proj,0.00060022268735338,0.0007938659546198323,0.005255416035652161
10,train,model.layers.0.self_attn.o_proj,0.000498653607792221,0.0008068168826866895,0.03163313865661621
10,train,model.layers.0.mlp.gate_proj,0.01651573646813631,0.023474487010389566,0.47762346267700195
10,train,model.layers.0.mlp.up_proj,0.009341804310679436,0.012304229894652963,0.21818894147872925
10,train,model.layers.0.mlp.down_proj,0.00459133111871779,0.006191975669935346,0.10602331161499023
10,train,model.layers.1.self_attn.q_proj,0.024939642287790775,0.03526871558278799,0.39295506477355957
10,train,model.layers.1.self_attn.k_proj,0.04047091584652662,0.06097477674484253,0.527435302734375
10,train,model.layers.1.self_attn.v_proj,0.007548358174972236,0.009685168275609612,0.050181448459625244
10,train,model.layers.1.self_attn.o_proj,0.002772963489405811,0.0037217913195490837,0.044200599193573
10,train,model.layers.1.mlp.gate_proj,0.022688977885991335,0.02978061744943261,0.4607882499694824
10,train,model.layers.1.mlp.up_proj,0.015295786317437887,0.01954790484160185,0.16523432731628418
10,train,model.layers.1.mlp.down_proj,0.006889756303280592,0.008947530528530478,0.08442568778991699
10,train,model.layers.2.self_attn.q_proj,0.024867435917258263,0.03402500692754984,0.25015008449554443
10,train,model.layers.2.self_attn.k_proj,0.03728311602026224,0.049518151208758354,0.25185394287109375
10,train,model.layers.2.self_attn.v_proj,0.010160866193473339,0.0130760392639786,0.06828570365905762
10,train,model.layers.2.self_attn.o_proj,0.003027322585694492,0.004100417369045317,0.058354854583740234
10,train,model.layers.2.mlp.gate_proj,0.02819875907152891,0.036244519986212254,0.6978368759155273
10,train,model.layers.2.mlp.up_proj,0.01979195512831211,0.025731923524290323,1.675506591796875
10,train,model.layers.2.mlp.down_proj,0.011493349447846413,0.06521741347387433,14.19451904296875
10,train,model.layers.3.self_attn.q_proj,0.028154085390269756,0.04035336337983608,0.4193892478942871
10,train,model.layers.3.self_attn.k_proj,0.03920860216021538,0.054255749098956585,0.3210594654083252
10,train,model.layers.3.self_attn.v_proj,0.019407540559768677,0.02552518155425787,0.1221066564321518
10,train,model.layers.3.self_attn.o_proj,0.002497159905033186,0.003672465798445046,0.039502084255218506
10,train,model.layers.3.mlp.gate_proj,0.03350010234862566,0.04357279557734728,0.2774507999420166
10,train,model.layers.3.mlp.up_proj,0.025171387009322643,0.032834431156516075,0.3430061340332031
10,train,model.layers.3.mlp.down_proj,0.014508804306387901,0.07790314964950085,10.98492431640625
10,train,model.layers.4.self_attn.q_proj,0.03378656134009361,0.046643479727208614,0.3521881103515625
10,train,model.layers.4.self_attn.k_proj,0.041606499813497066,0.05620909947901964,0.33320045471191406
10,train,model.layers.4.self_attn.v_proj,0.03253313945606351,0.043437257409095764,0.2545057535171509
10,train,model.layers.4.self_attn.o_proj,0.004372981900814921,0.00636570411734283,0.0988607406616211
10,train,model.layers.4.mlp.gate_proj,0.04103739187121391,0.05511295236647129,0.6648387908935547
10,train,model.layers.4.mlp.up_proj,0.031364434864372015,0.04131046775728464,0.29456454515457153
10,train,model.layers.4.mlp.down_proj,0.01707531767897308,0.023048995062708855,0.3780803680419922
10,train,model.layers.5.self_attn.q_proj,0.041275409050285816,0.05834437534213066,0.7510395050048828
10,train,model.layers.5.self_attn.k_proj,0.04888829588890076,0.0676996698603034,0.49036645889282227
10,train,model.layers.5.self_attn.v_proj,0.03858220763504505,0.05141025874763727,0.2955141067504883
10,train,model.layers.5.self_attn.o_proj,0.004358797741588205,0.0063805385725572705,0.14809536933898926
10,train,model.layers.5.mlp.gate_proj,0.0572117455303669,0.07781724259257317,0.663444995880127
10,train,model.layers.5.mlp.up_proj,0.03816813696175814,0.05065427906811237,0.367436021566391
10,train,model.layers.5.mlp.down_proj,0.01972639001905918,0.026802610605955124,0.23074984550476074
10,train,model.layers.6.self_attn.q_proj,0.04144215863198042,0.06010853219777346,0.6916627883911133
10,train,model.layers.6.self_attn.k_proj,0.05445109400898218,0.07595978491008282,0.5168008804321289
10,train,model.layers.6.self_attn.v_proj,0.03290195856243372,0.04499806556850672,0.3049589991569519
10,train,model.layers.6.self_attn.o_proj,0.004603339999448508,0.0068284678272902966,0.1156059205532074
10,train,model.layers.6.mlp.gate_proj,0.04737637657672167,0.06414380203932524,0.7630424499511719
10,train,model.layers.6.mlp.up_proj,0.04013153724372387,0.05406267289072275,0.47139739990234375
10,train,model.layers.6.mlp.down_proj,0.022751178592443466,0.03137942124158144,0.2576221525669098
10,train,model.layers.7.self_attn.q_proj,0.04758156277239323,0.06683392263948917,0.5910102128982544
10,train,model.layers.7.self_attn.k_proj,0.06005258671939373,0.08338591456413269,0.5977151393890381
10,train,model.layers.7.self_attn.v_proj,0.040379070676863194,0.055476912297308445,0.4155394434928894
10,train,model.layers.7.self_attn.o_proj,0.004302593122702092,0.006283846450969577,0.15917904675006866
10,train,model.layers.7.mlp.gate_proj,0.05029258131980896,0.06959872972220182,0.7938371896743774
10,train,model.layers.7.mlp.up_proj,0.04574611783027649,0.06320458836853504,0.6816521883010864
10,train,model.layers.7.mlp.down_proj,0.027878323569893837,0.03956600744277239,0.46442270278930664
10,train,model.layers.8.self_attn.q_proj,0.05601619370281696,0.10495317354798317,4.357501983642578
10,train,model.layers.8.self_attn.k_proj,0.07060940563678741,0.10487433336675167,1.048248291015625
10,train,model.layers.8.self_attn.v_proj,0.04359920043498278,0.06169202085584402,0.6007880568504333
10,train,model.layers.8.self_attn.o_proj,0.004836898297071457,0.00815422204323113,0.24339532852172852
10,train,model.layers.8.mlp.gate_proj,0.05279368627816439,0.07415437698364258,1.1257449388504028
10,train,model.layers.8.mlp.up_proj,0.046753084287047386,0.06482367124408484,0.717586874961853
10,train,model.layers.8.mlp.down_proj,0.027668464463204145,0.040016254875808954,0.3789764642715454
10,train,model.layers.9.self_attn.q_proj,0.06482297461479902,0.09725441783666611,1.2236299514770508
10,train,model.layers.9.self_attn.k_proj,0.08657755143940449,0.13829514756798744,1.6643983125686646
10,train,model.layers.9.self_attn.v_proj,0.056947337463498116,0.07901300396770239,0.5703065395355225
10,train,model.layers.9.self_attn.o_proj,0.0032568522728979588,0.005116809508763254,0.07297039031982422
10,train,model.layers.9.mlp.gate_proj,0.056134880520403385,0.0796038443222642,0.9410775899887085
10,train,model.layers.9.mlp.up_proj,0.05205672513693571,0.0732846986502409,0.8895009160041809
10,train,model.layers.9.mlp.down_proj,0.028388196602463722,0.04184179101139307,0.9231352806091309
10,train,model.layers.10.self_attn.q_proj,0.06082756910473108,0.08976447023451328,1.2444807291030884
10,train,model.layers.10.self_attn.k_proj,0.07000058330595493,0.10226195864379406,1.1087336540222168
10,train,model.layers.10.self_attn.v_proj,0.07018093392252922,0.09730285033583641,0.9070481061935425
10,train,model.layers.10.self_attn.o_proj,0.0052038904977962375,0.007908223429694772,0.1768062710762024
10,train,model.layers.10.mlp.gate_proj,0.05730364378541708,0.08223723899573088,1.1483222246170044
10,train,model.layers.10.mlp.up_proj,0.05093116872012615,0.0715778972953558,0.9234546422958374
10,train,model.layers.10.mlp.down_proj,0.02663273410871625,0.03941774647682905,0.8065090179443359
10,train,model.layers.11.self_attn.q_proj,0.07330838032066822,0.11613518558442593,1.5305404663085938
10,train,model.layers.11.self_attn.k_proj,0.09664935804903507,0.16069032438099384,1.7054166793823242
10,train,model.layers.11.self_attn.v_proj,0.06255289446562529,0.08830314595252275,0.8809190988540649
10,train,model.layers.11.self_attn.o_proj,0.0029722314793616533,0.004808426194358617,0.1292412281036377
10,train,model.layers.11.mlp.gate_proj,0.056869987398386,0.08119197655469179,0.9060895442962646
10,train,model.layers.11.mlp.up_proj,0.05594152398407459,0.07938353065401316,1.245584487915039
10,train,model.layers.11.mlp.down_proj,0.027364722453057766,0.04016439709812403,1.0883971452713013
10,train,model.layers.12.self_attn.q_proj,0.07239296473562717,0.10879339464008808,1.3863420486450195
10,train,model.layers.12.self_attn.k_proj,0.07653395552188158,0.1120985671877861,0.8454211950302124
10,train,model.layers.12.self_attn.v_proj,0.0792176416143775,0.11379148624837399,0.7664520144462585
10,train,model.layers.12.self_attn.o_proj,0.004978589131496847,0.0075738993473351,0.09033805131912231
10,train,model.layers.12.mlp.gate_proj,0.05731263943016529,0.08351032342761755,1.3721282482147217
10,train,model.layers.12.mlp.up_proj,0.05642741825431585,0.08011114969849586,1.0269789695739746
10,train,model.layers.12.mlp.down_proj,0.02948178118094802,0.043625997845083475,0.9227362871170044
10,train,model.layers.13.self_attn.q_proj,0.0850932952016592,0.1353083737194538,1.4828728437423706
10,train,model.layers.13.self_attn.k_proj,0.09300028719007969,0.13862119801342487,1.4199104309082031
10,train,model.layers.13.self_attn.v_proj,0.0765241701155901,0.10907909646630287,0.6489617824554443
10,train,model.layers.13.self_attn.o_proj,0.0036917583784088492,0.0058376643573865294,0.1522681713104248
10,train,model.layers.13.mlp.gate_proj,0.0611437764018774,0.08971192128956318,1.6387619972229004
10,train,model.layers.13.mlp.up_proj,0.06307193916290998,0.09093509800732136,1.299147367477417
10,train,model.layers.13.mlp.down_proj,0.033646656200289726,0.04998988285660744,0.8086140155792236
10,train,model.layers.14.self_attn.q_proj,0.08600082993507385,0.1313085574656725,1.865941047668457
10,train,model.layers.14.self_attn.k_proj,0.08807631954550743,0.1336617711931467,1.618391513824463
10,train,model.layers.14.self_attn.v_proj,0.08847968652844429,0.12530901096761227,1.135326623916626
10,train,model.layers.14.self_attn.o_proj,0.006044288456905633,0.010246305842883885,0.3186403512954712
10,train,model.layers.14.mlp.gate_proj,0.061960543505847454,0.09075070545077324,1.3359181880950928
10,train,model.layers.14.mlp.up_proj,0.06106442213058472,0.0875108502805233,0.927538275718689
10,train,model.layers.14.mlp.down_proj,0.0382649851962924,0.05816119164228439,0.7356216907501221
10,train,model.layers.15.self_attn.q_proj,0.08544589206576347,0.12834543734788895,1.6054606437683105
10,train,model.layers.15.self_attn.k_proj,0.08692947961390018,0.130807276815176,1.1661934852600098
10,train,model.layers.15.self_attn.v_proj,0.07156303711235523,0.10174190253019333,0.840233325958252
10,train,model.layers.15.self_attn.o_proj,0.004298745421692729,0.007267528912052512,0.2981887757778168
10,train,model.layers.15.mlp.gate_proj,0.06444475706666708,0.0925421491265297,1.277148723602295
10,train,model.layers.15.mlp.up_proj,0.06478860694915056,0.09253442287445068,1.603797435760498
10,train,model.layers.15.mlp.down_proj,0.03808701364323497,0.05574936233460903,1.4444866180419922
10,train,model.layers.16.self_attn.q_proj,0.08552751690149307,0.13694767281413078,1.4095685482025146
10,train,model.layers.16.self_attn.k_proj,0.09891276620328426,0.15074204467236996,1.322046160697937
10,train,model.layers.16.self_attn.v_proj,0.05758259817957878,0.08013504650443792,0.6662309169769287
10,train,model.layers.16.self_attn.o_proj,0.0035776046570390463,0.006785403413232416,0.28150320053100586
10,train,model.layers.16.mlp.gate_proj,0.06906275916844606,0.09890318103134632,1.076684832572937
10,train,model.layers.16.mlp.up_proj,0.0628929678350687,0.08957762643694878,1.3920706510543823
10,train,model.layers.16.mlp.down_proj,0.042063992004841566,0.06047368422150612,1.431969165802002
10,train,model.layers.17.self_attn.q_proj,0.08469711150974035,0.1277848593890667,1.6823949813842773
10,train,model.layers.17.self_attn.k_proj,0.08268965408205986,0.1265927292406559,1.1200881004333496
10,train,model.layers.17.self_attn.v_proj,0.06942857336252928,0.09843292832374573,0.739749550819397
10,train,model.layers.17.self_attn.o_proj,0.004604859102983028,0.007486812071874738,0.1711357831954956
10,train,model.layers.17.mlp.gate_proj,0.08564075920730829,0.12363755516707897,2.0967838764190674
10,train,model.layers.17.mlp.up_proj,0.0726122073829174,0.10389327816665173,1.0430655479431152
10,train,model.layers.17.mlp.down_proj,0.05077917408198118,0.0752300014719367,1.6020700931549072
10,train,model.layers.18.self_attn.q_proj,0.07745212037116289,0.1151109877973795,1.4016873836517334
10,train,model.layers.18.self_attn.k_proj,0.08081983216106892,0.11693250387907028,0.9780368804931641
10,train,model.layers.18.self_attn.v_proj,0.0753739345818758,0.10613827779889107,0.773369550704956
10,train,model.layers.18.self_attn.o_proj,0.005298520321957767,0.00915415131021291,0.24021649360656738
10,train,model.layers.18.mlp.gate_proj,0.0780840227380395,0.11214317008852959,1.4486026763916016
10,train,model.layers.18.mlp.up_proj,0.07187150418758392,0.10209723748266697,0.978702962398529
10,train,model.layers.18.mlp.down_proj,0.05203751381486654,0.07687327172607183,0.760643482208252
10,train,model.layers.19.self_attn.q_proj,0.0749624790623784,0.11416276730597019,1.2080457210540771
10,train,model.layers.19.self_attn.k_proj,0.07823959831148386,0.11271398700773716,1.0643301010131836
10,train,model.layers.19.self_attn.v_proj,0.07901237439364195,0.11203819140791893,0.9355735778808594
10,train,model.layers.19.self_attn.o_proj,0.0057352324947714806,0.009690224775113165,0.16100554168224335
10,train,model.layers.19.mlp.gate_proj,0.08648156467825174,0.12537622638046741,1.8860888481140137
10,train,model.layers.19.mlp.up_proj,0.0823809951543808,0.1180598046630621,1.2237827777862549
10,train,model.layers.19.mlp.down_proj,0.06478023808449507,0.09536511078476906,1.2760570049285889
10,train,model.layers.20.self_attn.q_proj,0.08128638006746769,0.12254879996180534,1.4448821544647217
10,train,model.layers.20.self_attn.k_proj,0.0785362757742405,0.11789711937308311,1.215720295906067
10,train,model.layers.20.self_attn.v_proj,0.09103296604007483,0.12813564576208591,0.9427969455718994
10,train,model.layers.20.self_attn.o_proj,0.007537189056165516,0.011234872275963426,0.23198914527893066
10,train,model.layers.20.mlp.gate_proj,0.08896006736904383,0.12862096168100834,1.8693416118621826
10,train,model.layers.20.mlp.up_proj,0.08773883990943432,0.1256425976753235,1.3648099899291992
10,train,model.layers.20.mlp.down_proj,0.07687846384942532,0.1129513569176197,1.5821399688720703
10,train,model.layers.21.self_attn.q_proj,0.07151985075324774,0.10749339871108532,1.2651886940002441
10,train,model.layers.21.self_attn.k_proj,0.06594582833349705,0.10109235532581806,1.1347514390945435
10,train,model.layers.21.self_attn.v_proj,0.16434555500745773,0.23726359009742737,2.1255946159362793
10,train,model.layers.21.self_attn.o_proj,0.009770257980562747,0.01867912942543626,0.655144453048706
10,train,model.layers.21.mlp.gate_proj,0.08809584565460682,0.1270586084574461,4.938671112060547
10,train,model.layers.21.mlp.up_proj,0.08807061426341534,0.12701180204749107,6.920188903808594
10,train,model.layers.21.mlp.down_proj,0.07471487764269114,0.17977317608892918,20.5682373046875
10,train,model.layers.22.self_attn.q_proj,0.08425652049481869,0.1596274897456169,4.442760944366455
10,train,model.layers.22.self_attn.k_proj,0.07487605977803469,0.1404366735368967,3.500800848007202
10,train,model.layers.22.self_attn.v_proj,0.11673093773424625,0.16207131929695606,1.310070276260376
10,train,model.layers.22.self_attn.o_proj,0.016921062022447586,0.03534032963216305,3.67303466796875
10,train,model.layers.22.mlp.gate_proj,0.0928403902798891,0.15968706272542477,5.138871192932129
10,train,model.layers.22.mlp.up_proj,0.09770658798515797,0.18109041452407837,9.471973419189453
10,train,model.layers.22.mlp.down_proj,0.11282709054648876,0.23523327335715294,10.237444877624512
10,train,model.layers.23.self_attn.q_proj,0.08360027428716421,0.16653474420309067,5.393284797668457
10,train,model.layers.23.self_attn.k_proj,0.0790057685226202,0.1519349291920662,2.7446022033691406
10,train,model.layers.23.self_attn.v_proj,0.1246868148446083,0.19597533717751503,2.9285011291503906
10,train,model.layers.23.self_attn.o_proj,0.02766423299908638,0.0765610272064805,7.2000885009765625
10,train,model.layers.23.mlp.gate_proj,0.11796984076499939,0.22646016627550125,9.366905212402344
10,train,model.layers.23.mlp.up_proj,0.11831260845065117,0.23627805896103382,10.327346801757812
10,train,model.layers.23.mlp.down_proj,0.18032409250736237,0.4874460995197296,27.13818359375
10,train,lm_head,0.19808337092399597,0.2451484575867653,1.7558298110961914
10,eval,model.layers.0.self_attn.q_proj,0.009157009422779083,0.016501725651323795,0.21984100341796875
10,eval,model.layers.0.self_attn.k_proj,0.02484441176056862,0.05232912302017212,0.4435882568359375
10,eval,model.layers.0.self_attn.v_proj,0.000602153450017795,0.0007963160169310868,0.005255416035652161
10,eval,model.layers.0.self_attn.o_proj,0.0003989711549365893,0.0006223656237125397,0.024262309074401855
10,eval,model.layers.0.mlp.gate_proj,0.015133095905184746,0.021643076092004776,0.5955448150634766
10,eval,model.layers.0.mlp.up_proj,0.008827797137200832,0.011496249586343765,0.18619674444198608
10,eval,model.layers.0.mlp.down_proj,0.004257651977241039,0.005703093716874719,0.09194803237915039
10,eval,model.layers.1.self_attn.q_proj,0.023334644734859467,0.032846661284565926,0.27936720848083496
10,eval,model.layers.1.self_attn.k_proj,0.0382930152118206,0.06031716614961624,0.54937744140625
10,eval,model.layers.1.self_attn.v_proj,0.007022843929007649,0.008955764584243298,0.051549673080444336
10,eval,model.layers.1.self_attn.o_proj,0.0026654956163838506,0.003610455780290067,0.04862189292907715
10,eval,model.layers.1.mlp.gate_proj,0.02127870824187994,0.027748736552894115,0.4439983367919922
10,eval,model.layers.1.mlp.up_proj,0.014324588235467672,0.018150469288229942,0.11918783187866211
10,eval,model.layers.1.mlp.down_proj,0.006597633007913828,0.008456910494714975,0.10323691368103027
10,eval,model.layers.2.self_attn.q_proj,0.023705020546913147,0.03229306824505329,0.23204374313354492
10,eval,model.layers.2.self_attn.k_proj,0.03606420010328293,0.04799750819802284,0.3077125549316406
10,eval,model.layers.2.self_attn.v_proj,0.009716836735606194,0.012511807959526777,0.072885662317276
10,eval,model.layers.2.self_attn.o_proj,0.0030595801072195172,0.004131955560296774,0.07373791933059692
10,eval,model.layers.2.mlp.gate_proj,0.027287034317851067,0.034901026636362076,0.46065521240234375
10,eval,model.layers.2.mlp.up_proj,0.018879556097090244,0.024523836560547352,1.675506591796875
10,eval,model.layers.2.mlp.down_proj,0.011990414932370186,0.08930610120296478,14.19451904296875
10,eval,model.layers.3.self_attn.q_proj,0.026836699806153774,0.03835838660597801,0.34305715560913086
10,eval,model.layers.3.self_attn.k_proj,0.036599669605493546,0.050359515473246574,0.31862497329711914
10,eval,model.layers.3.self_attn.v_proj,0.019523183815181255,0.025468057952821255,0.11281827092170715
10,eval,model.layers.3.self_attn.o_proj,0.002387861139141023,0.0034679542295634747,0.03225076198577881
10,eval,model.layers.3.mlp.gate_proj,0.03199975937604904,0.04153980314731598,0.2562140226364136
10,eval,model.layers.3.mlp.up_proj,0.02411090675741434,0.03134062886238098,0.2711310386657715
10,eval,model.layers.3.mlp.down_proj,0.013739421032369137,0.07004070654511452,8.7430419921875
10,eval,model.layers.4.self_attn.q_proj,0.03167734108865261,0.0434724036604166,0.30479979515075684
10,eval,model.layers.4.self_attn.k_proj,0.039019644260406494,0.05231212638318539,0.2322540283203125
10,eval,model.layers.4.self_attn.v_proj,0.03042992763221264,0.04076232574880123,0.18150651454925537
10,eval,model.layers.4.self_attn.o_proj,0.003940175287425518,0.00581823312677443,0.06089907884597778
10,eval,model.layers.4.mlp.gate_proj,0.03935422748327255,0.052916690707206726,0.5817208290100098
10,eval,model.layers.4.mlp.up_proj,0.029835541732609272,0.039262762293219566,0.24913495779037476
10,eval,model.layers.4.mlp.down_proj,0.0166507912799716,0.02243089582771063,0.3638796806335449
10,eval,model.layers.5.self_attn.q_proj,0.04024694487452507,0.057590557262301445,0.572840690612793
10,eval,model.layers.5.self_attn.k_proj,0.04747208207845688,0.06698071956634521,0.36747652292251587
10,eval,model.layers.5.self_attn.v_proj,0.03757234662771225,0.05095740593969822,0.21289688348770142
10,eval,model.layers.5.self_attn.o_proj,0.00357655412517488,0.005457701859995723,0.08184659481048584
10,eval,model.layers.5.mlp.gate_proj,0.05678420513868332,0.07751931995153427,0.575406551361084
10,eval,model.layers.5.mlp.up_proj,0.037315718829631805,0.04976117983460426,0.3242746889591217
10,eval,model.layers.5.mlp.down_proj,0.01948400493711233,0.026859642937779427,0.22678565979003906
10,eval,model.layers.6.self_attn.q_proj,0.04071730189025402,0.0595434233546257,0.5954456329345703
10,eval,model.layers.6.self_attn.k_proj,0.05476536601781845,0.07888403162360191,0.5252026319503784
10,eval,model.layers.6.self_attn.v_proj,0.03265926241874695,0.04570465534925461,0.27385109663009644
10,eval,model.layers.6.self_attn.o_proj,0.0037545255618169904,0.0054831793531775475,0.11874565482139587
10,eval,model.layers.6.mlp.gate_proj,0.048761943355202675,0.06625356152653694,0.5221353769302368
10,eval,model.layers.6.mlp.up_proj,0.040205078199505806,0.05438234284520149,0.3865530490875244
10,eval,model.layers.6.mlp.down_proj,0.02475107368081808,0.03469315357506275,0.22572441399097443
10,eval,model.layers.7.self_attn.q_proj,0.049534594640135765,0.07085765525698662,0.7486114501953125
10,eval,model.layers.7.self_attn.k_proj,0.06327753514051437,0.08899668604135513,0.41646742820739746
10,eval,model.layers.7.self_attn.v_proj,0.04549635201692581,0.06411498412489891,0.34348881244659424
10,eval,model.layers.7.self_attn.o_proj,0.00428860099054873,0.006287793628871441,0.09659433364868164
10,eval,model.layers.7.mlp.gate_proj,0.054533420130610466,0.07620542868971825,0.6201477646827698
10,eval,model.layers.7.mlp.up_proj,0.04950103349983692,0.06927648186683655,0.6057121157646179
10,eval,model.layers.7.mlp.down_proj,0.028859849087893963,0.04146242141723633,0.4155811071395874
10,eval,model.layers.8.self_attn.q_proj,0.05648987740278244,0.10050441697239876,3.775660514831543
10,eval,model.layers.8.self_attn.k_proj,0.07378187775611877,0.11106492206454277,1.0773773193359375
10,eval,model.layers.8.self_attn.v_proj,0.04470209963619709,0.06434804573655128,0.43292349576950073
10,eval,model.layers.8.self_attn.o_proj,0.003938791807740927,0.006631774827837944,0.1451486349105835
10,eval,model.layers.8.mlp.gate_proj,0.05509342812001705,0.0785900205373764,0.8975274562835693
10,eval,model.layers.8.mlp.up_proj,0.04899688810110092,0.06920348852872849,0.7915252447128296
10,eval,model.layers.8.mlp.down_proj,0.028320008888840675,0.04212770238518715,0.5915366411209106
10,eval,model.layers.9.self_attn.q_proj,0.06502659246325493,0.10078298300504684,1.028533935546875
10,eval,model.layers.9.self_attn.k_proj,0.08907889947295189,0.14201197028160095,0.9483184814453125
10,eval,model.layers.9.self_attn.v_proj,0.05878390371799469,0.08388163149356842,0.49652886390686035
10,eval,model.layers.9.self_attn.o_proj,0.0030113501707091928,0.004863574635237455,0.11707139015197754
10,eval,model.layers.9.mlp.gate_proj,0.05695345066487789,0.08222603797912598,0.8466751575469971
10,eval,model.layers.9.mlp.up_proj,0.05350729636847973,0.0771370455622673,0.847281813621521
10,eval,model.layers.9.mlp.down_proj,0.02940987516194582,0.04398803599178791,0.6022100448608398
10,eval,model.layers.10.self_attn.q_proj,0.0629061870276928,0.09541764482855797,0.7867541313171387
10,eval,model.layers.10.self_attn.k_proj,0.0741087980568409,0.11139429733157158,0.7286336421966553
10,eval,model.layers.10.self_attn.v_proj,0.07327957078814507,0.10575509443879128,0.5672820806503296
10,eval,model.layers.10.self_attn.o_proj,0.004216847708448768,0.006716261152178049,0.1307544708251953
10,eval,model.layers.10.mlp.gate_proj,0.0588989332318306,0.08655019477009773,0.9822351336479187
10,eval,model.layers.10.mlp.up_proj,0.05288979597389698,0.07634065672755241,0.8947107791900635
10,eval,model.layers.10.mlp.down_proj,0.0286095617339015,0.04362834058701992,0.5754754543304443
10,eval,model.layers.11.self_attn.q_proj,0.0801144503057003,0.12663250043988228,1.010901927947998
10,eval,model.layers.11.self_attn.k_proj,0.09751375392079353,0.15749691426753998,1.18782639503479
10,eval,model.layers.11.self_attn.v_proj,0.06478423997759819,0.09280718117952347,0.45386141538619995
10,eval,model.layers.11.self_attn.o_proj,0.002817851142026484,0.004588790354318917,0.09245765209197998
10,eval,model.layers.11.mlp.gate_proj,0.059358399361371994,0.08707961812615395,0.9946340322494507
10,eval,model.layers.11.mlp.up_proj,0.05816184915602207,0.08464186266064644,0.7831679582595825
10,eval,model.layers.11.mlp.down_proj,0.028658692725002766,0.043489689007401466,0.9366707801818848
10,eval,model.layers.12.self_attn.q_proj,0.07757824286818504,0.12094628065824509,1.2147877216339111
10,eval,model.layers.12.self_attn.k_proj,0.0885060541331768,0.13462084531784058,0.7918572425842285
10,eval,model.layers.12.self_attn.v_proj,0.08552765846252441,0.12594830617308617,0.8413876295089722
10,eval,model.layers.12.self_attn.o_proj,0.004028911353088915,0.006457251030951738,0.12302707880735397
10,eval,model.layers.12.mlp.gate_proj,0.061182981356978416,0.09195061773061752,1.1474018096923828
10,eval,model.layers.12.mlp.up_proj,0.059977948665618896,0.08799628913402557,0.9116191267967224
10,eval,model.layers.12.mlp.down_proj,0.031608366407454014,0.048224134370684624,0.4013015031814575
10,eval,model.layers.13.self_attn.q_proj,0.09190011397004128,0.1487489566206932,1.3540802001953125
10,eval,model.layers.13.self_attn.k_proj,0.09832394495606422,0.15162848681211472,1.0759915113449097
10,eval,model.layers.13.self_attn.v_proj,0.08398615568876266,0.12366777285933495,0.8819907903671265
10,eval,model.layers.13.self_attn.o_proj,0.002588091534562409,0.004284886177629232,0.05874943733215332
10,eval,model.layers.13.mlp.gate_proj,0.0649174377322197,0.09884725138545036,1.8072789907455444
10,eval,model.layers.13.mlp.up_proj,0.06737639382481575,0.10035441443324089,0.9441061019897461
10,eval,model.layers.13.mlp.down_proj,0.03652183338999748,0.056690238416194916,0.5698518753051758
10,eval,model.layers.14.self_attn.q_proj,0.09870520979166031,0.1595994308590889,1.5625667572021484
10,eval,model.layers.14.self_attn.k_proj,0.09893491491675377,0.15406718105077744,0.9487105011940002
10,eval,model.layers.14.self_attn.v_proj,0.09563856571912766,0.1406853199005127,0.8336379528045654
10,eval,model.layers.14.self_attn.o_proj,0.00442171236500144,0.007897925330325961,0.1555652618408203
10,eval,model.layers.14.mlp.gate_proj,0.06787720322608948,0.10330168157815933,1.2503197193145752
10,eval,model.layers.14.mlp.up_proj,0.06715358048677444,0.10080733150243759,1.1108784675598145
10,eval,model.layers.14.mlp.down_proj,0.045792728662490845,0.07460881397128105,0.797046422958374
10,eval,model.layers.15.self_attn.q_proj,0.09318369254469872,0.1484535187482834,1.3541574478149414
10,eval,model.layers.15.self_attn.k_proj,0.09602757915854454,0.14921209961175919,1.1559157371520996
10,eval,model.layers.15.self_attn.v_proj,0.07832086458802223,0.11575715616345406,0.6476430296897888
10,eval,model.layers.15.self_attn.o_proj,0.0034713702043518424,0.00604840787127614,0.1047438383102417
10,eval,model.layers.15.mlp.gate_proj,0.07136410847306252,0.10830728709697723,1.8526794910430908
10,eval,model.layers.15.mlp.up_proj,0.07093154639005661,0.1066955029964447,1.3756136894226074
10,eval,model.layers.15.mlp.down_proj,0.04201788827776909,0.06472083926200867,0.7342404127120972
10,eval,model.layers.16.self_attn.q_proj,0.09325666353106499,0.1594504863023758,2.4227638244628906
10,eval,model.layers.16.self_attn.k_proj,0.10404469445347786,0.16027965396642685,0.9807581901550293
10,eval,model.layers.16.self_attn.v_proj,0.06439938955008984,0.09288565069437027,0.4850037097930908
10,eval,model.layers.16.self_attn.o_proj,0.002425021375529468,0.004023615852929652,0.08342275023460388
10,eval,model.layers.16.mlp.gate_proj,0.07739375531673431,0.11703374981880188,1.6456685066223145
10,eval,model.layers.16.mlp.up_proj,0.07023211196064949,0.10486965999007225,1.1110025644302368
10,eval,model.layers.16.mlp.down_proj,0.04614672623574734,0.06982145085930824,1.2208759784698486
10,eval,model.layers.17.self_attn.q_proj,0.09311852604150772,0.1488785520195961,1.5894579887390137
10,eval,model.layers.17.self_attn.k_proj,0.09548671543598175,0.15282341092824936,1.2360663414001465
10,eval,model.layers.17.self_attn.v_proj,0.0769382193684578,0.1139167957007885,0.6553881168365479
10,eval,model.layers.17.self_attn.o_proj,0.003382715629413724,0.005269180750474334,0.07023537158966064
10,eval,model.layers.17.mlp.gate_proj,0.09722677618265152,0.14823398739099503,1.6972548961639404
10,eval,model.layers.17.mlp.up_proj,0.08173368126153946,0.12337951734662056,0.9318133592605591
10,eval,model.layers.17.mlp.down_proj,0.05770845152437687,0.08960109949111938,1.6087660789489746
10,eval,model.layers.18.self_attn.q_proj,0.08442429453134537,0.13202454894781113,1.2496914863586426
10,eval,model.layers.18.self_attn.k_proj,0.08989635109901428,0.13674228638410568,0.8839573264122009
10,eval,model.layers.18.self_attn.v_proj,0.08240807801485062,0.12183085456490517,0.7304779887199402
10,eval,model.layers.18.self_attn.o_proj,0.004035502439364791,0.007074862951412797,0.19811107218265533
10,eval,model.layers.18.mlp.gate_proj,0.08734102919697762,0.1318153291940689,1.5954678058624268
10,eval,model.layers.18.mlp.up_proj,0.08101830258965492,0.12121966853737831,0.954442024230957
10,eval,model.layers.18.mlp.down_proj,0.05840733088552952,0.09239467978477478,1.0912551879882812
10,eval,model.layers.19.self_attn.q_proj,0.08310459926724434,0.1332297995686531,1.2993862628936768
10,eval,model.layers.19.self_attn.k_proj,0.08855456858873367,0.13364653289318085,0.7684683203697205
10,eval,model.layers.19.self_attn.v_proj,0.08649152517318726,0.12870926409959793,0.8947239518165588
10,eval,model.layers.19.self_attn.o_proj,0.004895701422356069,0.008146932814270258,0.0977448970079422
10,eval,model.layers.19.mlp.gate_proj,0.09709681198000908,0.14761511236429214,1.326802134513855
10,eval,model.layers.19.mlp.up_proj,0.0914965569972992,0.13763680309057236,1.1809298992156982
10,eval,model.layers.19.mlp.down_proj,0.071864053606987,0.11156663671135902,1.614912986755371
10,eval,model.layers.20.self_attn.q_proj,0.09209170937538147,0.14912672340869904,1.6865739822387695
10,eval,model.layers.20.self_attn.k_proj,0.0880197063088417,0.13846535980701447,1.0647292137145996
10,eval,model.layers.20.self_attn.v_proj,0.0991416946053505,0.14538589864969254,1.021950602531433
10,eval,model.layers.20.self_attn.o_proj,0.007483297260478139,0.012039301916956902,0.2019582986831665
10,eval,model.layers.20.mlp.gate_proj,0.09914476051926613,0.15178212523460388,1.9081315994262695
10,eval,model.layers.20.mlp.up_proj,0.09831469878554344,0.14823896437883377,1.5356853008270264
10,eval,model.layers.20.mlp.down_proj,0.08617207035422325,0.13372572511434555,2.525503158569336
10,eval,model.layers.21.self_attn.q_proj,0.07837611436843872,0.12468550354242325,1.0140228271484375
10,eval,model.layers.21.self_attn.k_proj,0.07418713718652725,0.11590294912457466,0.8962903022766113
10,eval,model.layers.21.self_attn.v_proj,0.17885198444128036,0.2602429464459419,1.6449757814407349
10,eval,model.layers.21.self_attn.o_proj,0.007099216105416417,0.013657983392477036,0.524075984954834
10,eval,model.layers.21.mlp.gate_proj,0.09947746247053146,0.14962998032569885,3.243663787841797
10,eval,model.layers.21.mlp.up_proj,0.09861166402697563,0.14812250435352325,4.229043960571289
10,eval,model.layers.21.mlp.down_proj,0.08732447028160095,0.18712419271469116,20.5682373046875
10,eval,model.layers.22.self_attn.q_proj,0.0847737193107605,0.13617202639579773,2.122109889984131
10,eval,model.layers.22.self_attn.k_proj,0.07571756094694138,0.11960935220122337,1.381192922592163
10,eval,model.layers.22.self_attn.v_proj,0.11851733177900314,0.15986405313014984,0.7798407077789307
10,eval,model.layers.22.self_attn.o_proj,0.02195789385586977,0.04653375316411257,2.069303512573242
10,eval,model.layers.22.mlp.gate_proj,0.097865279763937,0.14830530434846878,2.315216064453125
10,eval,model.layers.22.mlp.up_proj,0.10171221569180489,0.1590535193681717,4.1687397956848145
10,eval,model.layers.22.mlp.down_proj,0.11560927331447601,0.19790130853652954,2.609586238861084
10,eval,model.layers.23.self_attn.q_proj,0.08477330207824707,0.1415344439446926,2.1823232173919678
10,eval,model.layers.23.self_attn.k_proj,0.07744863256812096,0.1275266632437706,1.655961275100708
10,eval,model.layers.23.self_attn.v_proj,0.12934252619743347,0.18085437268018723,1.3167709112167358
10,eval,model.layers.23.self_attn.o_proj,0.02674334030598402,0.06560437567532063,5.880107879638672
10,eval,model.layers.23.mlp.gate_proj,0.12136465311050415,0.19532445818185806,4.250833034515381
10,eval,model.layers.23.mlp.up_proj,0.12030534446239471,0.1997547149658203,6.5673065185546875
10,eval,model.layers.23.mlp.down_proj,0.21079853177070618,0.5464802235364914,27.13818359375
10,eval,lm_head,0.16164717078208923,0.20453111827373505,1.4438958168029785
20,train,model.layers.0.self_attn.q_proj,0.008927430957555771,0.016254612244665623,0.23970794677734375
20,train,model.layers.0.self_attn.k_proj,0.02472231211140752,0.05191065929830074,0.4443511962890625
20,train,model.layers.0.self_attn.v_proj,0.0005996948602842167,0.000793642655480653,0.005270272493362427
20,train,model.layers.0.self_attn.o_proj,0.0004982725586160086,0.0008069279429037124,0.031687021255493164
20,train,model.layers.0.mlp.gate_proj,0.01649597054347396,0.023442046716809273,0.47736072540283203
20,train,model.layers.0.mlp.up_proj,0.009338330710306764,0.012298660352826118,0.21752753853797913
20,train,model.layers.0.mlp.down_proj,0.004587351344525814,0.006188122439198196,0.10772895812988281
20,train,model.layers.1.self_attn.q_proj,0.024918788112699986,0.035249694250524044,0.39191222190856934
20,train,model.layers.1.self_attn.k_proj,0.040425123646855354,0.06092141754925251,0.5273895263671875
20,train,model.layers.1.self_attn.v_proj,0.007539675571024418,0.009674522560089827,0.050055131316185
20,train,model.layers.1.self_attn.o_proj,0.002769031620118767,0.003715703613124788,0.04453253746032715
20,train,model.layers.1.mlp.gate_proj,0.02266402868553996,0.029742221347987652,0.4600539207458496
20,train,model.layers.1.mlp.up_proj,0.015281439758837223,0.019528658129274845,0.1643383502960205
20,train,model.layers.1.mlp.down_proj,0.006881556590087712,0.00893709296360612,0.08356213569641113
20,train,model.layers.2.self_attn.q_proj,0.024854217655956745,0.034005170688033104,0.24781334400177002
20,train,model.layers.2.self_attn.k_proj,0.037265862338244915,0.049501512199640274,0.25194549560546875
20,train,model.layers.2.self_attn.v_proj,0.010151709895581007,0.013067787047475576,0.06807050108909607
20,train,model.layers.2.self_attn.o_proj,0.0030360365635715425,0.004111215355806053,0.05829906463623047
20,train,model.layers.2.mlp.gate_proj,0.028200787026435137,0.0362527621909976,0.7030563354492188
20,train,model.layers.2.mlp.up_proj,0.019781833980232477,0.025721573270857334,1.6650619506835938
20,train,model.layers.2.mlp.down_proj,0.01148298499174416,0.06535939080640674,13.978271484375
20,train,model.layers.3.self_attn.q_proj,0.0281308158300817,0.040313578210771084,0.41671276092529297
20,train,model.layers.3.self_attn.k_proj,0.03920280188322067,0.05423859599977732,0.3192322254180908
20,train,model.layers.3.self_attn.v_proj,0.01941047143191099,0.025518327485769987,0.12191393971443176
20,train,model.layers.3.self_attn.o_proj,0.0025046551018022,0.003680382447782904,0.039365917444229126
20,train,model.layers.3.mlp.gate_proj,0.033492034301161766,0.04355896357446909,0.28884029388427734
20,train,model.layers.3.mlp.up_proj,0.02515905722975731,0.032819096464663744,0.3450307846069336
20,train,model.layers.3.mlp.down_proj,0.01452237437479198,0.078359454870224,10.9891357421875
20,train,model.layers.4.self_attn.q_proj,0.03381774760782719,0.04667389485985041,0.3533668518066406
20,train,model.layers.4.self_attn.k_proj,0.041588954627513885,0.05620907247066498,0.33141136169433594
20,train,model.layers.4.self_attn.v_proj,0.03251098049804568,0.043425136245787144,0.255908340215683
20,train,model.layers.4.self_attn.o_proj,0.004399281169753522,0.006390619440935552,0.0978468656539917
20,train,model.layers.4.mlp.gate_proj,0.041054860688745975,0.05515259224921465,0.6664886474609375
20,train,model.layers.4.mlp.up_proj,0.031381039414554834,0.04132757522165775,0.2939659357070923
20,train,model.layers.4.mlp.down_proj,0.01710457494482398,0.023093494586646557,0.38115358352661133
20,train,model.layers.5.self_attn.q_proj,0.04154822789132595,0.05878165643662214,0.7567892074584961
20,train,model.layers.5.self_attn.k_proj,0.04918483830988407,0.06801155768334866,0.4909553527832031
20,train,model.layers.5.self_attn.v_proj,0.03861924819648266,0.05143198184669018,0.292766809463501
20,train,model.layers.5.self_attn.o_proj,0.0043566530221141875,0.006380012258887291,0.14894652366638184
20,train,model.layers.5.mlp.gate_proj,0.05748283304274082,0.07818290404975414,0.6597409248352051
20,train,model.layers.5.mlp.up_proj,0.03825327940285206,0.05074368417263031,0.3679455518722534
20,train,model.layers.5.mlp.down_proj,0.019839413929730654,0.026946261525154114,0.2435903549194336
20,train,model.layers.6.self_attn.q_proj,0.04180120676755905,0.060595009475946426,0.6910343170166016
20,train,model.layers.6.self_attn.k_proj,0.05484667792916298,0.07645317539572716,0.514595627784729
20,train,model.layers.6.self_attn.v_proj,0.03311157692223787,0.0452845823019743,0.3051244616508484
20,train,model.layers.6.self_attn.o_proj,0.004660703591071069,0.0069121397100389,0.11920171976089478
20,train,model.layers.6.mlp.gate_proj,0.047761778347194195,0.0646213199943304,0.7604465484619141
20,train,model.layers.6.mlp.up_proj,0.04042278230190277,0.054415290243923664,0.4688115119934082
20,train,model.layers.6.mlp.down_proj,0.022922843229025602,0.031600965186953545,0.25520095229148865
20,train,model.layers.7.self_attn.q_proj,0.048042154870927334,0.06742268707603216,0.5872279405593872
20,train,model.layers.7.self_attn.k_proj,0.06045540235936642,0.08400507643818855,0.5929253101348877
20,train,model.layers.7.self_attn.v_proj,0.04066151473671198,0.05581170041114092,0.41902631521224976
20,train,model.layers.7.self_attn.o_proj,0.004384984960779548,0.006399734993465245,0.16456665098667145
20,train,model.layers.7.mlp.gate_proj,0.05085308849811554,0.0702866604551673,0.7884892225265503
20,train,model.layers.7.mlp.up_proj,0.046185594983398914,0.0637404890730977,0.6767703294754028
20,train,model.layers.7.mlp.down_proj,0.02810408128425479,0.039824496023356915,0.4649524986743927
20,train,model.layers.8.self_attn.q_proj,0.05654377397149801,0.10520212911069393,4.3895416259765625
20,train,model.layers.8.self_attn.k_proj,0.07142144907265902,0.10579969547688961,1.0341796875
20,train,model.layers.8.self_attn.v_proj,0.04404784366488457,0.062242950312793255,0.6007195115089417
20,train,model.layers.8.self_attn.o_proj,0.004928214126266539,0.008296967367641628,0.24226808547973633
20,train,model.layers.8.mlp.gate_proj,0.05335314758121967,0.07482187449932098,1.1216894388198853
20,train,model.layers.8.mlp.up_proj,0.04723785258829594,0.06540929432958364,0.7138535976409912
20,train,model.layers.8.mlp.down_proj,0.027910353150218725,0.040278888307511806,0.37934619188308716
20,train,model.layers.9.self_attn.q_proj,0.06538797821849585,0.09798282384872437,1.20738685131073
20,train,model.layers.9.self_attn.k_proj,0.08733176067471504,0.13926732167601585,1.6689205169677734
20,train,model.layers.9.self_attn.v_proj,0.05755162891000509,0.07968588080257177,0.5711294412612915
20,train,model.layers.9.self_attn.o_proj,0.003392744401935488,0.005348245904315263,0.09172999858856201
20,train,model.layers.9.mlp.gate_proj,0.05697914119809866,0.08057165425270796,0.9330333471298218
20,train,model.layers.9.mlp.up_proj,0.052764066495001316,0.07408465445041656,0.8913115859031677
20,train,model.layers.9.mlp.down_proj,0.028736726846545935,0.042226164136081934,0.9145221710205078
20,train,model.layers.10.self_attn.q_proj,0.06180412881076336,0.09098241850733757,1.2449501752853394
20,train,model.layers.10.self_attn.k_proj,0.07136496808379889,0.1038712952286005,1.1085954904556274
20,train,model.layers.10.self_attn.v_proj,0.07124013267457485,0.09851069562137127,0.9108840823173523
20,train,model.layers.10.self_attn.o_proj,0.005406222539022565,0.008208117564208806,0.1499882936477661
20,train,model.layers.10.mlp.gate_proj,0.05825237464159727,0.08331075496971607,1.139651894569397
20,train,model.layers.10.mlp.up_proj,0.05174244288355112,0.0724775567650795,0.920251727104187
20,train,model.layers.10.mlp.down_proj,0.02699711499735713,0.03979862853884697,0.8060576915740967
20,train,model.layers.11.self_attn.q_proj,0.0743195079267025,0.11729425564408302,1.5339107513427734
20,train,model.layers.11.self_attn.k_proj,0.09782688692212105,0.16199787333607674,1.7222824096679688
20,train,model.layers.11.self_attn.v_proj,0.0636561093851924,0.08954428788274527,0.884006142616272
20,train,model.layers.11.self_attn.o_proj,0.0030696921166963875,0.0049819828709587455,0.1316927671432495
20,train,model.layers.11.mlp.gate_proj,0.05790093168616295,0.08231490198522806,0.9045364260673523
20,train,model.layers.11.mlp.up_proj,0.05686883069574833,0.08037517312914133,1.241387128829956
20,train,model.layers.11.mlp.down_proj,0.027797555550932884,0.040649702306836843,1.0883029699325562
20,train,model.layers.12.self_attn.q_proj,0.07370222546160221,0.11025801301002502,1.3933427333831787
20,train,model.layers.12.self_attn.k_proj,0.07787538692355156,0.11371085420250893,0.8442713022232056
20,train,model.layers.12.self_attn.v_proj,0.0805555172264576,0.11516544036567211,0.763687014579773
20,train,model.layers.12.self_attn.o_proj,0.005192010547034442,0.007912728586234152,0.1394181251525879
20,train,model.layers.12.mlp.gate_proj,0.058363367803394794,0.08463274501264095,1.3728317022323608
20,train,model.layers.12.mlp.up_proj,0.05744688678532839,0.08116489741951227,1.0260838270187378
20,train,model.layers.12.mlp.down_proj,0.0299732843413949,0.04413463827222586,0.918501079082489
20,train,model.layers.13.self_attn.q_proj,0.08683268446475267,0.1372008305042982,1.5071552991867065
20,train,model.layers.13.self_attn.k_proj,0.09486689604818821,0.14083224348723888,1.4217915534973145
20,train,model.layers.13.self_attn.v_proj,0.07832333445549011,0.11086329258978367,0.6507986783981323
20,train,model.layers.13.self_attn.o_proj,0.003913785272743553,0.006166479433886707,0.1398400068283081
20,train,model.layers.13.mlp.gate_proj,0.06248420849442482,0.09107339568436146,1.6691040992736816
20,train,model.layers.13.mlp.up_proj,0.06434247642755508,0.09218146093189716,1.3005640506744385
20,train,model.layers.13.mlp.down_proj,0.03426008950918913,0.0505867088213563,0.8172323703765869
20,train,model.layers.14.self_attn.q_proj,0.0880529172718525,0.1334963832050562,1.8532991409301758
20,train,model.layers.14.self_attn.k_proj,0.09017879329621792,0.13618011586368084,1.6095800399780273
20,train,model.layers.14.self_attn.v_proj,0.08984793350100517,0.126649908721447,1.1295430660247803
20,train,model.layers.14.self_attn.o_proj,0.006363898515701294,0.010828909929841757,0.31977522373199463
20,train,model.layers.14.mlp.gate_proj,0.06324123032391071,0.09204560704529285,1.3322508335113525
20,train,model.layers.14.mlp.up_proj,0.06225634925067425,0.0886734202504158,0.9063886404037476
20,train,model.layers.14.mlp.down_proj,0.03900878969579935,0.05906941182911396,0.7485873699188232
20,train,model.layers.15.self_attn.q_proj,0.08728202525526285,0.13039860129356384,1.58717679977417
20,train,model.layers.15.self_attn.k_proj,0.08887862972915173,0.13287046179175377,1.1645355224609375
20,train,model.layers.15.self_attn.v_proj,0.07281401939690113,0.10306002385914326,0.8319649696350098
20,train,model.layers.15.self_attn.o_proj,0.0045375137706287205,0.007707426673732698,0.27276694774627686
20,train,model.layers.15.mlp.gate_proj,0.06572345644235611,0.09390251152217388,1.2823514938354492
20,train,model.layers.15.mlp.up_proj,0.06608486920595169,0.09385737031698227,1.600877046585083
20,train,model.layers.15.mlp.down_proj,0.03896983340382576,0.05662764608860016,1.417890191078186
20,train,model.layers.16.self_attn.q_proj,0.08722475450485945,0.13890720903873444,1.3861324787139893
20,train,model.layers.16.self_attn.k_proj,0.10102321207523346,0.15341234393417835,1.3209582567214966
20,train,model.layers.16.self_attn.v_proj,0.05824308376759291,0.08077029883861542,0.6780377626419067
20,train,model.layers.16.self_attn.o_proj,0.0035183056024834514,0.00667367922142148,0.2785755395889282
20,train,model.layers.16.mlp.gate_proj,0.07047279737889767,0.10038773901760578,1.0677082538604736
20,train,model.layers.16.mlp.up_proj,0.06417594943195581,0.09083684161305428,1.3779489994049072
20,train,model.layers.16.mlp.down_proj,0.04297791002318263,0.061438944190740585,1.4098377227783203
20,train,model.layers.17.self_attn.q_proj,0.08704494405537844,0.13034378550946712,1.6874524354934692
20,train,model.layers.17.self_attn.k_proj,0.08470041304826736,0.1286286823451519,1.1070566177368164
20,train,model.layers.17.self_attn.v_proj,0.07060471922159195,0.0995095744729042,0.73704594373703
20,train,model.layers.17.self_attn.o_proj,0.0049425087054260075,0.008141999831423163,0.15488934516906738
20,train,model.layers.17.mlp.gate_proj,0.08718242030590773,0.1252345871180296,2.0743563175201416
20,train,model.layers.17.mlp.up_proj,0.07404733821749687,0.10530179925262928,1.0323262214660645
20,train,model.layers.17.mlp.down_proj,0.051631432957947254,0.07606466207653284,1.6016979217529297
20,train,model.layers.18.self_attn.q_proj,0.07932718936353922,0.11709855124354362,1.4087531566619873
20,train,model.layers.18.self_attn.k_proj,0.08224148117005825,0.11852250248193741,0.9667472839355469
20,train,model.layers.18.self_attn.v_proj,0.07622944004833698,0.10689408145844936,0.7629377841949463
20,train,model.layers.18.self_attn.o_proj,0.005383675452321768,0.009467838564887643,0.24531108140945435
20,train,model.layers.18.mlp.gate_proj,0.07958662044256926,0.1136595569550991,1.4313359260559082
20,train,model.layers.18.mlp.up_proj,0.07330156397074461,0.1034943051636219,0.9650713205337524
20,train,model.layers.18.mlp.down_proj,0.053053732961416245,0.0778856435790658,0.7519431114196777
20,train,model.layers.19.self_attn.q_proj,0.0768941892310977,0.11638780497014523,1.2018706798553467
20,train,model.layers.19.self_attn.k_proj,0.0801188200712204,0.11475501582026482,1.0499731302261353
20,train,model.layers.19.self_attn.v_proj,0.08098944462835789,0.11399172060191631,0.9278508424758911
20,train,model.layers.19.self_attn.o_proj,0.006153099937364459,0.010680946288630366,0.1944369673728943
20,train,model.layers.19.mlp.gate_proj,0.08820218127220869,0.12712620198726654,1.8505902290344238
20,train,model.layers.19.mlp.up_proj,0.0840770173817873,0.11978688836097717,1.208457589149475
20,train,model.layers.19.mlp.down_proj,0.06603637989610434,0.09655764326453209,1.2639873027801514
20,train,model.layers.20.self_attn.q_proj,0.08352320082485676,0.12495857290923595,1.4394992589950562
20,train,model.layers.20.self_attn.k_proj,0.0799781046807766,0.1194410715252161,1.1990289688110352
20,train,model.layers.20.self_attn.v_proj,0.09182731341570616,0.1289520263671875,0.9299471378326416
20,train,model.layers.20.self_attn.o_proj,0.00786333973519504,0.011957316659390926,0.22583961486816406
20,train,model.layers.20.mlp.gate_proj,0.09064275678247213,0.13028889149427414,1.8505527973175049
20,train,model.layers.20.mlp.up_proj,0.08955227490514517,0.12734894640743732,1.3608753681182861
20,train,model.layers.20.mlp.down_proj,0.07858120277523994,0.11465342901647091,1.564204216003418
20,train,model.layers.21.self_attn.q_proj,0.073722705245018,0.10998690873384476,1.262169361114502
20,train,model.layers.21.self_attn.k_proj,0.0669404799118638,0.10210557095706463,1.1204063892364502
20,train,model.layers.21.self_attn.v_proj,0.16647726483643055,0.239130899310112,2.115145683288574
20,train,model.layers.21.self_attn.o_proj,0.01000441424548626,0.019788717851042747,1.113062858581543
20,train,model.layers.21.mlp.gate_proj,0.08995677437633276,0.1290141511708498,4.946372985839844
20,train,model.layers.21.mlp.up_proj,0.08995439112186432,0.12894408591091633,6.915317535400391
20,train,model.layers.21.mlp.down_proj,0.07629823219031096,0.17858018912374973,20.39013671875
20,train,model.layers.22.self_attn.q_proj,0.08616557903587818,0.16090184450149536,4.414336204528809
20,train,model.layers.22.self_attn.k_proj,0.07588052563369274,0.14123336412012577,3.4563982486724854
20,train,model.layers.22.self_attn.v_proj,0.11777573451399803,0.1625745315104723,1.3185043334960938
20,train,model.layers.22.self_attn.o_proj,0.018049307633191347,0.036335475742816925,3.624398708343506
20,train,model.layers.22.mlp.gate_proj,0.0946522019803524,0.1612293031066656,5.061206817626953
20,train,model.layers.22.mlp.up_proj,0.09966464340686798,0.18257932178676128,9.34383487701416
20,train,model.layers.22.mlp.down_proj,0.11475452594459057,0.2364933267235756,10.194458961486816
20,train,model.layers.23.self_attn.q_proj,0.08567959442734718,0.16819400526583195,5.352766990661621
20,train,model.layers.23.self_attn.k_proj,0.08023066446185112,0.15309779718518257,2.7149858474731445
20,train,model.layers.23.self_attn.v_proj,0.12652388215065002,0.19741585850715637,2.9398350715637207
20,train,model.layers.23.self_attn.o_proj,0.02916390309110284,0.07846287824213505,7.056100845336914
20,train,model.layers.23.mlp.gate_proj,0.12014861404895782,0.2281157299876213,9.240777969360352
20,train,model.layers.23.mlp.up_proj,0.12045067176222801,0.2379272859543562,10.253593444824219
20,train,model.layers.23.mlp.down_proj,0.18331480398774147,0.49008510261774063,27.182357788085938
20,train,lm_head,0.3080780394375324,0.3706125430762768,2.4681825637817383
20,eval,model.layers.0.self_attn.q_proj,0.009156988002359867,0.016501464881002903,0.21984100341796875
20,eval,model.layers.0.self_attn.k_proj,0.024844445288181305,0.0523290429264307,0.443572998046875
20,eval,model.layers.0.self_attn.v_proj,0.0006017220439389348,0.0007962806266732514,0.005270272493362427
20,eval,model.layers.0.self_attn.o_proj,0.0003985720977652818,0.0006223116943147033,0.024287492036819458
20,eval,model.layers.0.mlp.gate_proj,0.015114888083189726,0.02161540277302265,0.595238208770752
20,eval,model.layers.0.mlp.up_proj,0.008824653923511505,0.01149075385183096,0.18536555767059326
20,eval,model.layers.0.mlp.down_proj,0.0042558214627206326,0.0057001253589987755,0.09161567687988281
20,eval,model.layers.1.self_attn.q_proj,0.023308727890253067,0.03281030524522066,0.27911627292633057
20,eval,model.layers.1.self_attn.k_proj,0.03825955651700497,0.06030302681028843,0.549652099609375
20,eval,model.layers.1.self_attn.v_proj,0.007017836207523942,0.008948857430368662,0.05166405439376831
20,eval,model.layers.1.self_attn.o_proj,0.0026619109557941556,0.003606299636885524,0.04891848564147949
20,eval,model.layers.1.mlp.gate_proj,0.02127058431506157,0.027734823524951935,0.4391045570373535
20,eval,model.layers.1.mlp.up_proj,0.014316363725811243,0.01814050693064928,0.11811509728431702
20,eval,model.layers.1.mlp.down_proj,0.006593136116862297,0.008452046196907759,0.10255765914916992
20,eval,model.layers.2.self_attn.q_proj,0.02368604764342308,0.03226974979043007,0.23177862167358398
20,eval,model.layers.2.self_attn.k_proj,0.03603792563080788,0.047980599105358124,0.307525634765625
20,eval,model.layers.2.self_attn.v_proj,0.009713112376630306,0.012509551830589771,0.07271501421928406
20,eval,model.layers.2.self_attn.o_proj,0.003059815731830895,0.004132646601647139,0.0735841691493988
20,eval,model.layers.2.mlp.gate_proj,0.027286874130368233,0.0348998811095953,0.4627361297607422
20,eval,model.layers.2.mlp.up_proj,0.018878123722970486,0.024514175951480865,1.6650619506835938
20,eval,model.layers.2.mlp.down_proj,0.01195973576977849,0.08852112479507923,13.978271484375
20,eval,model.layers.3.self_attn.q_proj,0.026823753491044044,0.03833642229437828,0.34119462966918945
20,eval,model.layers.3.self_attn.k_proj,0.036604274064302444,0.05036664009094238,0.31718873977661133
20,eval,model.layers.3.self_attn.v_proj,0.019531799480319023,0.025476744398474693,0.11263798177242279
20,eval,model.layers.3.self_attn.o_proj,0.0023871830198913813,0.003466959926299751,0.03188091516494751
20,eval,model.layers.3.mlp.gate_proj,0.03201243840157986,0.041557012125849724,0.25278234481811523
20,eval,model.layers.3.mlp.up_proj,0.024113573133945465,0.031346214935183525,0.27051687240600586
20,eval,model.layers.3.mlp.down_proj,0.013757598586380482,0.07064604014158249,8.8140869140625
20,eval,model.layers.4.self_attn.q_proj,0.03166151698678732,0.04345123469829559,0.30439841747283936
20,eval,model.layers.4.self_attn.k_proj,0.03899524733424187,0.05228385329246521,0.2313079833984375
20,eval,model.layers.4.self_attn.v_proj,0.030422155745327473,0.04074896313250065,0.1812145709991455
20,eval,model.layers.4.self_attn.o_proj,0.003937789588235319,0.00581504194997251,0.06004565954208374
20,eval,model.layers.4.mlp.gate_proj,0.039337193593382835,0.05289117246866226,0.5785350203514099
20,eval,model.layers.4.mlp.up_proj,0.02983437478542328,0.03926036134362221,0.24903756380081177
20,eval,model.layers.4.mlp.down_proj,0.016643695533275604,0.02241913601756096,0.3625373840332031
20,eval,model.layers.5.self_attn.q_proj,0.04020514339208603,0.057532405480742455,0.5735540390014648
20,eval,model.layers.5.self_attn.k_proj,0.04744119755923748,0.06691417843103409,0.36447691917419434
20,eval,model.layers.5.self_attn.v_proj,0.037546880543231964,0.050929199904203415,0.21213489770889282
20,eval,model.layers.5.self_attn.o_proj,0.003574174945242703,0.005454542115330696,0.08164513111114502
20,eval,model.layers.5.mlp.gate_proj,0.05676211416721344,0.07747877389192581,0.5738415718078613
20,eval,model.layers.5.mlp.up_proj,0.03730226494371891,0.049740152433514595,0.32239362597465515
20,eval,model.layers.5.mlp.down_proj,0.01947468426078558,0.026849756948649883,0.2236955165863037
20,eval,model.layers.6.self_attn.q_proj,0.040710097178816795,0.05952531471848488,0.59564208984375
20,eval,model.layers.6.self_attn.k_proj,0.05473802983760834,0.07884863018989563,0.5193173885345459
20,eval,model.layers.6.self_attn.v_proj,0.0326370932161808,0.045657623559236526,0.27214133739471436
20,eval,model.layers.6.self_attn.o_proj,0.0037454032571986318,0.0054685636423528194,0.11891594529151917
20,eval,model.layers.6.mlp.gate_proj,0.04874924384057522,0.06624072790145874,0.5188149213790894
20,eval,model.layers.6.mlp.up_proj,0.04019218683242798,0.05436671897768974,0.38816213607788086
20,eval,model.layers.6.mlp.down_proj,0.024742201901972294,0.034677935764193535,0.225039541721344
20,eval,model.layers.7.self_attn.q_proj,0.04951139725744724,0.07081548497080803,0.7495851516723633
20,eval,model.layers.7.self_attn.k_proj,0.06324200704693794,0.08896427601575851,0.4181058406829834
20,eval,model.layers.7.self_attn.v_proj,0.045457854866981506,0.06408276781439781,0.3438081741333008
20,eval,model.layers.7.self_attn.o_proj,0.004292621277272701,0.0062938041519373655,0.09608519077301025
20,eval,model.layers.7.mlp.gate_proj,0.05450420640408993,0.07616041228175163,0.6205130815505981
20,eval,model.layers.7.mlp.up_proj,0.04947497323155403,0.06924429908394814,0.6070640683174133
20,eval,model.layers.7.mlp.down_proj,0.028844698332250118,0.04144040867686272,0.4147731065750122
20,eval,model.layers.8.self_attn.q_proj,0.056456660851836205,0.1005050279200077,3.8101625442504883
20,eval,model.layers.8.self_attn.k_proj,0.07372324168682098,0.11096301674842834,1.077178955078125
20,eval,model.layers.8.self_attn.v_proj,0.04467553831636906,0.06431367620825768,0.4318978190422058
20,eval,model.layers.8.self_attn.o_proj,0.003935476881451905,0.00663153943605721,0.14642901718616486
20,eval,model.layers.8.mlp.gate_proj,0.055073320865631104,0.07855775952339172,0.8973890542984009
20,eval,model.layers.8.mlp.up_proj,0.0489803571254015,0.06917489320039749,0.7911586761474609
20,eval,model.layers.8.mlp.down_proj,0.028313379734754562,0.04211290366947651,0.5908758640289307
20,eval,model.layers.9.self_attn.q_proj,0.06499931961297989,0.1007339395582676,1.0278472900390625
20,eval,model.layers.9.self_attn.k_proj,0.0890318974852562,0.14192350953817368,0.9508323669433594
20,eval,model.layers.9.self_attn.v_proj,0.058758124709129333,0.08381405845284462,0.49275657534599304
20,eval,model.layers.9.self_attn.o_proj,0.0030156209832057357,0.004866758594289422,0.11752045154571533
20,eval,model.layers.9.mlp.gate_proj,0.056919198483228683,0.08217441290616989,0.846674919128418
20,eval,model.layers.9.mlp.up_proj,0.05348118394613266,0.07709028571844101,0.843880295753479
20,eval,model.layers.9.mlp.down_proj,0.02940019778907299,0.04397033713757992,0.6021723747253418
20,eval,model.layers.10.self_attn.q_proj,0.06286622956395149,0.09536053240299225,0.7902330160140991
20,eval,model.layers.10.self_attn.k_proj,0.07404342293739319,0.11128772422671318,0.7333028316497803
20,eval,model.layers.10.self_attn.v_proj,0.07321508601307869,0.10566005483269691,0.568875253200531
20,eval,model.layers.10.self_attn.o_proj,0.004218877060338855,0.006723659345880151,0.13222098350524902
20,eval,model.layers.10.mlp.gate_proj,0.058856524527072906,0.08647378161549568,0.9736104011535645
20,eval,model.layers.10.mlp.up_proj,0.052855879068374634,0.07627997174859047,0.893857479095459
20,eval,model.layers.10.mlp.down_proj,0.02858039829879999,0.04357823729515076,0.5718820095062256
20,eval,model.layers.11.self_attn.q_proj,0.08005646988749504,0.12657610327005386,1.0193476676940918
20,eval,model.layers.11.self_attn.k_proj,0.09743429720401764,0.15735185146331787,1.1844120025634766
20,eval,model.layers.11.self_attn.v_proj,0.06471588835120201,0.09266761690378189,0.45513299107551575
20,eval,model.layers.11.self_attn.o_proj,0.0028061692137271166,0.004560314817354083,0.09198534488677979
20,eval,model.layers.11.mlp.gate_proj,0.059294795617461205,0.08698241785168648,0.9983202219009399
20,eval,model.layers.11.mlp.up_proj,0.058093441650271416,0.0845494344830513,0.7819690704345703
20,eval,model.layers.11.mlp.down_proj,0.028632505796849728,0.04344999045133591,0.9341316223144531
20,eval,model.layers.12.self_attn.q_proj,0.0774955302476883,0.12082726880908012,1.2236590385437012
20,eval,model.layers.12.self_attn.k_proj,0.08840068429708481,0.13443059474229813,0.7900881767272949
20,eval,model.layers.12.self_attn.v_proj,0.08546385169029236,0.12583103775978088,0.8388856649398804
20,eval,model.layers.12.self_attn.o_proj,0.00402666674926877,0.00645573646761477,0.12348220497369766
20,eval,model.layers.12.mlp.gate_proj,0.06112750433385372,0.09186159446835518,1.1448588371276855
20,eval,model.layers.12.mlp.up_proj,0.05992876924574375,0.08790869265794754,0.9059542417526245
20,eval,model.layers.12.mlp.down_proj,0.03158352989703417,0.048178818076848984,0.4033639430999756
20,eval,model.layers.13.self_attn.q_proj,0.09185794740915298,0.14862997829914093,1.353163480758667
20,eval,model.layers.13.self_attn.k_proj,0.09826724231243134,0.1514563262462616,1.0800278186798096
20,eval,model.layers.13.self_attn.v_proj,0.0838601179420948,0.12348880246281624,0.8792076706886292
20,eval,model.layers.13.self_attn.o_proj,0.002585413632914424,0.0042813189793378115,0.05911397933959961
20,eval,model.layers.13.mlp.gate_proj,0.06486724689602852,0.0987531803548336,1.799357295036316
20,eval,model.layers.13.mlp.up_proj,0.06731214374303818,0.10024629533290863,0.9291534423828125
20,eval,model.layers.13.mlp.down_proj,0.03650045581161976,0.056653695181012154,0.5722962617874146
20,eval,model.layers.14.self_attn.q_proj,0.09860249236226082,0.15938803553581238,1.5701093673706055
20,eval,model.layers.14.self_attn.k_proj,0.09884511679410934,0.1539299562573433,0.9517263174057007
20,eval,model.layers.14.self_attn.v_proj,0.09558384120464325,0.14062601327896118,0.8272747993469238
20,eval,model.layers.14.self_attn.o_proj,0.004426061292178929,0.007909311912953854,0.1563866138458252
20,eval,model.layers.14.mlp.gate_proj,0.06784357130527496,0.10321027040481567,1.2479503154754639
20,eval,model.layers.14.mlp.up_proj,0.0671146847307682,0.10072275623679161,1.104515790939331
20,eval,model.layers.14.mlp.down_proj,0.045723047107458115,0.07443049922585487,0.800670862197876
20,eval,model.layers.15.self_attn.q_proj,0.09309899434447289,0.14822258800268173,1.3471254110336304
20,eval,model.layers.15.self_attn.k_proj,0.09591241180896759,0.14894801378250122,1.147197961807251
20,eval,model.layers.15.self_attn.v_proj,0.07829352468252182,0.11563726142048836,0.6408762335777283
20,eval,model.layers.15.self_attn.o_proj,0.0034759155241772532,0.006054889177903533,0.09902298450469971
20,eval,model.layers.15.mlp.gate_proj,0.07128453254699707,0.10813240706920624,1.8447308540344238
20,eval,model.layers.15.mlp.up_proj,0.07086146250367165,0.10653511062264442,1.364950180053711
20,eval,model.layers.15.mlp.down_proj,0.04196278192102909,0.06460807658731937,0.7291219234466553
20,eval,model.layers.16.self_attn.q_proj,0.093232911080122,0.15936756134033203,2.4316253662109375
20,eval,model.layers.16.self_attn.k_proj,0.10392993688583374,0.16013924777507782,0.9846857786178589
20,eval,model.layers.16.self_attn.v_proj,0.06434954702854156,0.09279788285493851,0.48783957958221436
20,eval,model.layers.16.self_attn.o_proj,0.002435102825984359,0.0040583707159385085,0.08302885293960571
20,eval,model.layers.16.mlp.gate_proj,0.07734506577253342,0.11689271405339241,1.633854866027832
20,eval,model.layers.16.mlp.up_proj,0.07018079981207848,0.10474054887890816,1.106397271156311
20,eval,model.layers.16.mlp.down_proj,0.04611898958683014,0.06974316388368607,1.2188720703125
20,eval,model.layers.17.self_attn.q_proj,0.09308553487062454,0.14874999225139618,1.5941004753112793
20,eval,model.layers.17.self_attn.k_proj,0.09540444612503052,0.15262702107429504,1.2403385639190674
20,eval,model.layers.17.self_attn.v_proj,0.07689116522669792,0.11375625804066658,0.6520767211914062
20,eval,model.layers.17.self_attn.o_proj,0.003391930484212935,0.005302466917783022,0.07072314620018005
20,eval,model.layers.17.mlp.gate_proj,0.09716003388166428,0.1480027362704277,1.6923245191574097
20,eval,model.layers.17.mlp.up_proj,0.08167242258787155,0.12319527938961983,0.9308207631111145
20,eval,model.layers.17.mlp.down_proj,0.05765625834465027,0.08941180258989334,1.6050877571105957
20,eval,model.layers.18.self_attn.q_proj,0.08444033190608025,0.13196595013141632,1.2540178298950195
20,eval,model.layers.18.self_attn.k_proj,0.0897660180926323,0.1364029496908188,0.8766079545021057
20,eval,model.layers.18.self_attn.v_proj,0.08231513947248459,0.12160228937864304,0.7242814302444458
20,eval,model.layers.18.self_attn.o_proj,0.004046327201649547,0.007098109927028418,0.1967262476682663
20,eval,model.layers.18.mlp.gate_proj,0.08728517219424248,0.13160382211208344,1.5944139957427979
20,eval,model.layers.18.mlp.up_proj,0.08097102120518684,0.12103041633963585,0.956395149230957
20,eval,model.layers.18.mlp.down_proj,0.058383798226714134,0.09224886819720268,1.0813560485839844
20,eval,model.layers.19.self_attn.q_proj,0.0830962136387825,0.13317429274320602,1.3040885925292969
20,eval,model.layers.19.self_attn.k_proj,0.08848866820335388,0.13348810374736786,0.764156699180603
20,eval,model.layers.19.self_attn.v_proj,0.08651008829474449,0.1286115199327469,0.8967202305793762
20,eval,model.layers.19.self_attn.o_proj,0.004906014073640108,0.00817499915137887,0.09662497043609619
20,eval,model.layers.19.mlp.gate_proj,0.0970599353313446,0.14738276600837708,1.3110105991363525
20,eval,model.layers.19.mlp.up_proj,0.09145573899149895,0.13743114471435547,1.1747422218322754
20,eval,model.layers.19.mlp.down_proj,0.07182518392801285,0.11138558015227318,1.611487865447998
20,eval,model.layers.20.self_attn.q_proj,0.09211976826190948,0.14901947230100632,1.6890430450439453
20,eval,model.layers.20.self_attn.k_proj,0.08786957338452339,0.1381763219833374,1.05471932888031
20,eval,model.layers.20.self_attn.v_proj,0.09913516044616699,0.14520908892154694,1.0217080116271973
20,eval,model.layers.20.self_attn.o_proj,0.0074795824475586414,0.012030858546495438,0.2024979591369629
20,eval,model.layers.20.mlp.gate_proj,0.09910428896546364,0.15152744203805923,1.8881185054779053
20,eval,model.layers.20.mlp.up_proj,0.09827728196978569,0.14800874143838882,1.5343950986862183
20,eval,model.layers.20.mlp.down_proj,0.08611126616597176,0.13346093147993088,2.499246597290039
20,eval,model.layers.21.self_attn.q_proj,0.07836104184389114,0.12458139657974243,1.0169296264648438
20,eval,model.layers.21.self_attn.k_proj,0.07413681223988533,0.11576178669929504,0.887507438659668
20,eval,model.layers.21.self_attn.v_proj,0.1787428855895996,0.25975290685892105,1.633642315864563
20,eval,model.layers.21.self_attn.o_proj,0.007093153661116958,0.01371522480621934,0.5343360900878906
20,eval,model.layers.21.mlp.gate_proj,0.09942171722650528,0.14936453104019165,3.242889404296875
20,eval,model.layers.21.mlp.up_proj,0.09855342283844948,0.1478807032108307,4.143402099609375
20,eval,model.layers.21.mlp.down_proj,0.08725903928279877,0.1860695406794548,20.39013671875
20,eval,model.layers.22.self_attn.q_proj,0.08490339294075966,0.1366213634610176,2.134324789047241
20,eval,model.layers.22.self_attn.k_proj,0.07578454539179802,0.11985471844673157,1.3976683616638184
20,eval,model.layers.22.self_attn.v_proj,0.1186041608452797,0.15985220670700073,0.7777599096298218
20,eval,model.layers.22.self_attn.o_proj,0.02225283533334732,0.0472343023866415,2.0752158164978027
20,eval,model.layers.22.mlp.gate_proj,0.09808332100510597,0.1488083079457283,2.325451135635376
20,eval,model.layers.22.mlp.up_proj,0.10197779163718224,0.15981068462133408,4.203149795532227
20,eval,model.layers.22.mlp.down_proj,0.11599879711866379,0.19915525615215302,2.6341304779052734
20,eval,model.layers.23.self_attn.q_proj,0.08495046198368073,0.14198479056358337,2.1931209564208984
20,eval,model.layers.23.self_attn.k_proj,0.07762518152594566,0.1279948726296425,1.6720671653747559
20,eval,model.layers.23.self_attn.v_proj,0.12943055853247643,0.18097230046987534,1.3280260562896729
20,eval,model.layers.23.self_attn.o_proj,0.02696636039763689,0.06607733853161335,5.879270076751709
20,eval,model.layers.23.mlp.gate_proj,0.12166938930749893,0.19603249430656433,4.273082256317139
20,eval,model.layers.23.mlp.up_proj,0.1206522211432457,0.20055962353944778,6.607686996459961
20,eval,model.layers.23.mlp.down_proj,0.21142908185720444,0.5493979305028915,27.182357788085938
20,eval,lm_head,0.17216172441840172,0.2166161760687828,1.5293374061584473
30,train,model.layers.0.self_attn.q_proj,0.00892743282020092,0.01625473378226161,0.23972320556640625
30,train,model.layers.0.self_attn.k_proj,0.0247228411026299,0.051910899579524994,0.4443511962890625
30,train,model.layers.0.self_attn.v_proj,0.000599327075178735,0.0007934236055007204,0.005278483033180237
30,train,model.layers.0.self_attn.o_proj,0.0004980502708349377,0.0008068761526374146,0.03170156478881836
30,train,model.layers.0.mlp.gate_proj,0.016492584021762013,0.023431289941072464,0.47856926918029785
30,train,model.layers.0.mlp.up_proj,0.009336167247965932,0.012295752065256238,0.21754160523414612
30,train,model.layers.0.mlp.down_proj,0.0045858476078137755,0.006187054794281721,0.10748815536499023
30,train,model.layers.1.self_attn.q_proj,0.024911133106797934,0.03525438625365496,0.39224696159362793
30,train,model.layers.1.self_attn.k_proj,0.04038055241107941,0.060875666327774525,0.5270843505859375
30,train,model.layers.1.self_attn.v_proj,0.007534897769801319,0.009669958613812923,0.050118327140808105
30,train,model.layers.1.self_attn.o_proj,0.0027612083358690143,0.0037050797836855054,0.04474824666976929
30,train,model.layers.1.mlp.gate_proj,0.022630133666098118,0.029693275690078735,0.45758533477783203
30,train,model.layers.1.mlp.up_proj,0.015266564441844821,0.019508391618728638,0.16332760453224182
30,train,model.layers.1.mlp.down_proj,0.006867461604997516,0.008918501436710358,0.08365607261657715
30,train,model.layers.2.self_attn.q_proj,0.024825844913721085,0.0339649161323905,0.24837350845336914
30,train,model.layers.2.self_attn.k_proj,0.0371986273676157,0.04940833803266287,0.2516326904296875
30,train,model.layers.2.self_attn.v_proj,0.010133323259651661,0.013045059982687235,0.06847399473190308
30,train,model.layers.2.self_attn.o_proj,0.0030372385517694056,0.004116645199246705,0.05750155448913574
30,train,model.layers.2.mlp.gate_proj,0.028166988864541054,0.036211149767041206,0.7047796249389648
30,train,model.layers.2.mlp.up_proj,0.019753190223127604,0.025684714782983065,1.6509552001953125
30,train,model.layers.2.mlp.down_proj,0.011482101632282138,0.0659872586838901,13.689697265625
30,train,model.layers.3.self_attn.q_proj,0.028101759497076273,0.040266003459692,0.4118170738220215
30,train,model.layers.3.self_attn.k_proj,0.03915642760694027,0.05415392480790615,0.3155789375305176
30,train,model.layers.3.self_attn.v_proj,0.019395604263991117,0.025480180513113737,0.12117956578731537
30,train,model.layers.3.self_attn.o_proj,0.002498331421520561,0.003671079350169748,0.03865855932235718
30,train,model.layers.3.mlp.gate_proj,0.03343453770503402,0.043483003973960876,0.2948129177093506
30,train,model.layers.3.mlp.up_proj,0.025121403392404318,0.03277027374133468,0.3484513759613037
30,train,model.layers.3.mlp.down_proj,0.01451398222707212,0.07857612334191799,11.05450439453125
30,train,model.layers.4.self_attn.q_proj,0.03381894528865814,0.04667237028479576,0.3494894504547119
30,train,model.layers.4.self_attn.k_proj,0.04154221434146166,0.056150322780013084,0.3337059020996094
30,train,model.layers.4.self_attn.v_proj,0.032438244204968214,0.04333344288170338,0.2537727355957031
30,train,model.layers.4.self_attn.o_proj,0.004387454653624445,0.006377612589858472,0.09687042236328125
30,train,model.layers.4.mlp.gate_proj,0.04093443974852562,0.054992835968732834,0.6717300415039062
30,train,model.layers.4.mlp.up_proj,0.031310691963881254,0.041236886754631996,0.29342538118362427
30,train,model.layers.4.mlp.down_proj,0.017063597915694118,0.023046947550028563,0.37987565994262695
30,train,model.layers.5.self_attn.q_proj,0.04158420115709305,0.05890326388180256,0.7515954971313477
30,train,model.layers.5.self_attn.k_proj,0.04924533795565367,0.06799427326768637,0.49320554733276367
30,train,model.layers.5.self_attn.v_proj,0.03841720335185528,0.0512196896597743,0.28939878940582275
30,train,model.layers.5.self_attn.o_proj,0.004338113008998334,0.006350833224132657,0.1558377742767334
30,train,model.layers.5.mlp.gate_proj,0.057300844229757786,0.07796396315097809,0.6581687927246094
30,train,model.layers.5.mlp.up_proj,0.038141995668411255,0.05060678906738758,0.36793842911720276
30,train,model.layers.5.mlp.down_proj,0.019744202494621277,0.026837061624974012,0.23682725429534912
30,train,model.layers.6.self_attn.q_proj,0.041766438633203506,0.0606036176905036,0.6854968070983887
30,train,model.layers.6.self_attn.k_proj,0.054561047814786434,0.0761056849732995,0.5153238773345947
30,train,model.layers.6.self_attn.v_proj,0.03292438993230462,0.04509605374187231,0.30558907985687256
30,train,model.layers.6.self_attn.o_proj,0.004667677683755755,0.006910165189765394,0.1183348000049591
30,train,model.layers.6.mlp.gate_proj,0.04751860350370407,0.0643906407058239,0.7497334480285645
30,train,model.layers.6.mlp.up_proj,0.04021237324923277,0.05420957691967487,0.46958422660827637
30,train,model.layers.6.mlp.down_proj,0.022836922202259302,0.03151844767853618,0.25420618057250977
30,train,model.layers.7.self_attn.q_proj,0.048002404160797596,0.06745400000363588,0.5898920297622681
30,train,model.layers.7.self_attn.k_proj,0.06021012179553509,0.0838419757783413,0.5987838506698608
30,train,model.layers.7.self_attn.v_proj,0.040491088293492794,0.055661424063146114,0.419786274433136
30,train,model.layers.7.self_attn.o_proj,0.004377173783723265,0.006385084008798003,0.15985481441020966
30,train,model.layers.7.mlp.gate_proj,0.05066126771271229,0.07009021658450365,0.7773497104644775
30,train,model.layers.7.mlp.up_proj,0.04599648807197809,0.06354229245334864,0.6790573596954346
30,train,model.layers.7.mlp.down_proj,0.02799157239496708,0.03968825191259384,0.4718181788921356
30,train,model.layers.8.self_attn.q_proj,0.056256117299199104,0.10453462041914463,4.335914611816406
30,train,model.layers.8.self_attn.k_proj,0.0708639994263649,0.10528690554201603,1.0441131591796875
30,train,model.layers.8.self_attn.v_proj,0.0437417384237051,0.06197583209723234,0.5964428782463074
30,train,model.layers.8.self_attn.o_proj,0.004921786894556135,0.008256426779553294,0.241986483335495
30,train,model.layers.8.mlp.gate_proj,0.053065103478729725,0.07453758455812931,1.1231573820114136
30,train,model.layers.8.mlp.up_proj,0.047009886242449284,0.06518069375306368,0.7156102657318115
30,train,model.layers.8.mlp.down_proj,0.027780224569141865,0.04015294834971428,0.37732231616973877
30,train,model.layers.9.self_attn.q_proj,0.06502031069248915,0.09755381010472775,1.1908046007156372
30,train,model.layers.9.self_attn.k_proj,0.08680789731442928,0.13851785846054554,1.6706891059875488
30,train,model.layers.9.self_attn.v_proj,0.05728549603372812,0.07948995754122734,0.5741544961929321
30,train,model.layers.9.self_attn.o_proj,0.0033676152816042304,0.005304345220793039,0.1094779372215271
30,train,model.layers.9.mlp.gate_proj,0.05665140878409147,0.08026883751153946,0.9118812680244446
30,train,model.layers.9.mlp.up_proj,0.05248681828379631,0.07381449919193983,0.8988867402076721
30,train,model.layers.9.mlp.down_proj,0.02858715457841754,0.04205292649567127,0.9283146858215332
30,train,model.layers.10.self_attn.q_proj,0.06154743488878012,0.09076252952218056,1.2328625917434692
30,train,model.layers.10.self_attn.k_proj,0.07097919657826424,0.1036875955760479,1.0977318286895752
30,train,model.layers.10.self_attn.v_proj,0.07076561264693737,0.09820865653455257,0.903518795967102
30,train,model.layers.10.self_attn.o_proj,0.005402561975643039,0.008225086727179587,0.16565561294555664
30,train,model.layers.10.mlp.gate_proj,0.057935613207519054,0.08304047305136919,1.1406835317611694
30,train,model.layers.10.mlp.up_proj,0.05146882310509682,0.07225188426673412,0.9194676876068115
30,train,model.layers.10.mlp.down_proj,0.02684729639440775,0.03965957136824727,0.7973792552947998
30,train,model.layers.11.self_attn.q_proj,0.07399453781545162,0.11695470102131367,1.5266046524047852
30,train,model.layers.11.self_attn.k_proj,0.0973015520721674,0.16128968819975853,1.693216323852539
30,train,model.layers.11.self_attn.v_proj,0.06333570834249258,0.08934025838971138,0.8774250745773315
30,train,model.layers.11.self_attn.o_proj,0.003078226698562503,0.005003393569495529,0.1317462921142578
30,train,model.layers.11.mlp.gate_proj,0.05757238436490297,0.08206429239362478,0.8942767381668091
30,train,model.layers.11.mlp.up_proj,0.05653972737491131,0.08011962659657001,1.2333317995071411
30,train,model.layers.11.mlp.down_proj,0.027641157153993845,0.04055305803194642,1.0904054641723633
30,train,model.layers.12.self_attn.q_proj,0.07340087555348873,0.10996374860405922,1.40267014503479
30,train,model.layers.12.self_attn.k_proj,0.07765419129282236,0.11359078623354435,0.8385423421859741
30,train,model.layers.12.self_attn.v_proj,0.08006202429533005,0.11485845409333706,0.7512920498847961
30,train,model.layers.12.self_attn.o_proj,0.005180877051316202,0.007853791699744761,0.15479913353919983
30,train,model.layers.12.mlp.gate_proj,0.05811341479420662,0.08446939196437597,1.3753944635391235
30,train,model.layers.12.mlp.up_proj,0.05716347135603428,0.08098209742456675,1.0228582620620728
30,train,model.layers.12.mlp.down_proj,0.029810357373207808,0.044037013314664364,0.9212055802345276
30,train,model.layers.13.self_attn.q_proj,0.08635981101542711,0.13683807291090488,1.489687204360962
30,train,model.layers.13.self_attn.k_proj,0.09432115964591503,0.1405317485332489,1.410634994506836
30,train,model.layers.13.self_attn.v_proj,0.07785865478217602,0.11061515286564827,0.6432842016220093
30,train,model.layers.13.self_attn.o_proj,0.003912989457603544,0.006136120413430035,0.14711415767669678
30,train,model.layers.13.mlp.gate_proj,0.0621147183701396,0.09081784263253212,1.6694324016571045
30,train,model.layers.13.mlp.up_proj,0.063944136723876,0.0919024683535099,1.2824246883392334
30,train,model.layers.13.mlp.down_proj,0.03402515919879079,0.0503988778218627,0.8144917488098145
30,train,model.layers.14.self_attn.q_proj,0.08755342196673155,0.13309425488114357,1.868764877319336
30,train,model.layers.14.self_attn.k_proj,0.08978555724024773,0.13603946194052696,1.614459753036499
30,train,model.layers.14.self_attn.v_proj,0.0892356913536787,0.12618882581591606,1.1161160469055176
30,train,model.layers.14.self_attn.o_proj,0.006352015770971775,0.010600642883218825,0.29513001441955566
30,train,model.layers.14.mlp.gate_proj,0.06278743036091328,0.09171198680996895,1.3243956565856934
30,train,model.layers.14.mlp.up_proj,0.06185846962034702,0.0883861780166626,0.9025503396987915
30,train,model.layers.14.mlp.down_proj,0.03885320574045181,0.05906586069613695,0.7622082233428955
30,train,model.layers.15.self_attn.q_proj,0.08656532689929008,0.12976333312690258,1.6231932640075684
30,train,model.layers.15.self_attn.k_proj,0.08834229223430157,0.1325946692377329,1.1752068996429443
30,train,model.layers.15.self_attn.v_proj,0.07235716097056866,0.10289886593818665,0.8183861970901489
30,train,model.layers.15.self_attn.o_proj,0.004468657192774117,0.007475096033886075,0.21722280979156494
30,train,model.layers.15.mlp.gate_proj,0.06523841433227062,0.09354680217802525,1.2742061614990234
30,train,model.layers.15.mlp.up_proj,0.0656461575999856,0.0936135035008192,1.5803391933441162
30,train,model.layers.15.mlp.down_proj,0.03878652676939964,0.05655866302549839,1.400700569152832
30,train,model.layers.16.self_attn.q_proj,0.08658044878393412,0.13847429491579533,1.3885146379470825
30,train,model.layers.16.self_attn.k_proj,0.1005904171615839,0.15334008820354939,1.3442673683166504
30,train,model.layers.16.self_attn.v_proj,0.057970793917775154,0.08057428896427155,0.6695880889892578
30,train,model.layers.16.self_attn.o_proj,0.0033643445349298418,0.006326292466837913,0.26115942001342773
30,train,model.layers.16.mlp.gate_proj,0.07006571348756552,0.10013632476329803,1.0710480213165283
30,train,model.layers.16.mlp.up_proj,0.0637197382748127,0.09055680595338345,1.3718904256820679
30,train,model.layers.16.mlp.down_proj,0.042629871517419815,0.061220264993608,1.3994951248168945
30,train,model.layers.17.self_attn.q_proj,0.08635812159627676,0.12988238781690598,1.6737558841705322
30,train,model.layers.17.self_attn.k_proj,0.08402516227215528,0.12849929183721542,1.0929584503173828
30,train,model.layers.17.self_attn.v_proj,0.06993064377456903,0.09908964671194553,0.7341556549072266
30,train,model.layers.17.self_attn.o_proj,0.004883624438662082,0.007993122097104788,0.1406329870223999
30,train,model.layers.17.mlp.gate_proj,0.0864237304776907,0.124719662591815,2.072873830795288
30,train,model.layers.17.mlp.up_proj,0.07344492990523577,0.10491594299674034,1.0178356170654297
30,train,model.layers.17.mlp.down_proj,0.051321009173989296,0.07599968556314707,1.6001856327056885
30,train,model.layers.18.self_attn.q_proj,0.07903201505541801,0.11702807433903217,1.4176056385040283
30,train,model.layers.18.self_attn.k_proj,0.08178232982754707,0.1183125227689743,0.9605083465576172
30,train,model.layers.18.self_attn.v_proj,0.07577371038496494,0.10664187930524349,0.7629278898239136
30,train,model.layers.18.self_attn.o_proj,0.0053938234923407435,0.009350743726827204,0.19953608512878418
30,train,model.layers.18.mlp.gate_proj,0.07894198596477509,0.11329442448914051,1.4507074356079102
30,train,model.layers.18.mlp.up_proj,0.07273928727954626,0.10317368432879448,0.9705121517181396
30,train,model.layers.18.mlp.down_proj,0.05271374527364969,0.07777521014213562,0.7568397521972656
30,train,model.layers.19.self_attn.q_proj,0.07653951738029718,0.1163759883493185,1.2166709899902344
30,train,model.layers.19.self_attn.k_proj,0.07997109927237034,0.11493400484323502,1.0330218076705933
30,train,model.layers.19.self_attn.v_proj,0.08040809538215399,0.11353702284395695,0.9312520623207092
30,train,model.layers.19.self_attn.o_proj,0.006179704563692212,0.010566956945694983,0.17597654461860657
30,train,model.layers.19.mlp.gate_proj,0.08750166650861502,0.12675529718399048,1.8440003395080566
30,train,model.layers.19.mlp.up_proj,0.0835281815379858,0.11959977634251118,1.1916404962539673
30,train,model.layers.19.mlp.down_proj,0.06586981378495693,0.09677539765834808,1.256608486175537
30,train,model.layers.20.self_attn.q_proj,0.0827981261536479,0.12454462982714176,1.4445431232452393
30,train,model.layers.20.self_attn.k_proj,0.07970273401588202,0.11962473951280117,1.18308424949646
30,train,model.layers.20.self_attn.v_proj,0.09103333950042725,0.12852419167757034,0.9124314785003662
30,train,model.layers.20.self_attn.o_proj,0.00778313132468611,0.011607858119532466,0.23080158233642578
30,train,model.layers.20.mlp.gate_proj,0.09002683684229851,0.12998089380562305,1.8246341943740845
30,train,model.layers.20.mlp.up_proj,0.08896010275930166,0.12717674486339092,1.3662354946136475
30,train,model.layers.20.mlp.down_proj,0.07795840594917536,0.11440005898475647,1.6000041961669922
30,train,model.layers.21.self_attn.q_proj,0.07286785915493965,0.10938508808612823,1.253044605255127
30,train,model.layers.21.self_attn.k_proj,0.06666945666074753,0.1021636575460434,1.1100594997406006
30,train,model.layers.21.self_attn.v_proj,0.16528606973588467,0.2387501262128353,2.0760812759399414
30,train,model.layers.21.self_attn.o_proj,0.009594559902325273,0.018280641874298453,0.642380952835083
30,train,model.layers.21.mlp.gate_proj,0.08913575951009989,0.12842515110969543,4.859249114990234
30,train,model.layers.21.mlp.up_proj,0.08915366791188717,0.128453079611063,6.736583709716797
30,train,model.layers.21.mlp.down_proj,0.07541805040091276,0.17929473146796227,20.7606201171875
30,train,model.layers.22.self_attn.q_proj,0.08559060376137495,0.16101764887571335,4.437791347503662
30,train,model.layers.22.self_attn.k_proj,0.07566857989877462,0.14141278713941574,3.4814000129699707
30,train,model.layers.22.self_attn.v_proj,0.11708884499967098,0.16231399588286877,1.3326802253723145
30,train,model.layers.22.self_attn.o_proj,0.017284151166677475,0.035812696907669306,3.6501216888427734
30,train,model.layers.22.mlp.gate_proj,0.09374440461397171,0.16063440963625908,5.095426082611084
30,train,model.layers.22.mlp.up_proj,0.09892853163182735,0.18231128714978695,9.397031784057617
30,train,model.layers.22.mlp.down_proj,0.11374899372458458,0.2362543772906065,10.197322845458984
30,train,model.layers.23.self_attn.q_proj,0.08540569711476564,0.16835824586451054,5.3653364181518555
30,train,model.layers.23.self_attn.k_proj,0.07958762720227242,0.1531676258891821,2.7361693382263184
30,train,model.layers.23.self_attn.v_proj,0.12597129121422768,0.19708118587732315,2.9371490478515625
30,train,model.layers.23.self_attn.o_proj,0.02869982272386551,0.07826691400259733,7.090709686279297
30,train,model.layers.23.mlp.gate_proj,0.11949387192726135,0.22772064805030823,9.280674934387207
30,train,model.layers.23.mlp.up_proj,0.1198597326874733,0.23755384981632233,10.268665313720703
30,train,model.layers.23.mlp.down_proj,0.18198899552226067,0.4902844615280628,27.360580444335938
30,train,lm_head,0.2263878919184208,0.2766745015978813,1.677443504333496
30,eval,model.layers.0.self_attn.q_proj,0.009156979154795408,0.016501598060131073,0.21984100341796875
30,eval,model.layers.0.self_attn.k_proj,0.024845166131854057,0.052329275757074356,0.443572998046875
30,eval,model.layers.0.self_attn.v_proj,0.0006015285907778889,0.0007962457020767033,0.005278483033180237
30,eval,model.layers.0.self_attn.o_proj,0.00039841170655563474,0.0006222808733582497,0.024301111698150635
30,eval,model.layers.0.mlp.gate_proj,0.015111533459275961,0.021607622504234314,0.5946402549743652
30,eval,model.layers.0.mlp.up_proj,0.008823982905596495,0.011489215772598982,0.18535089492797852
30,eval,model.layers.0.mlp.down_proj,0.004255812149494886,0.005699589615687728,0.09182262420654297
30,eval,model.layers.1.self_attn.q_proj,0.02329802792519331,0.03279770631343126,0.2795454263687134
30,eval,model.layers.1.self_attn.k_proj,0.03826400265097618,0.06030323728919029,0.5495147705078125
30,eval,model.layers.1.self_attn.v_proj,0.007018914679065347,0.008947796188294888,0.05175971984863281
30,eval,model.layers.1.self_attn.o_proj,0.002660587662830949,0.003606701618991792,0.0487828254699707
30,eval,model.layers.1.mlp.gate_proj,0.021269923076033592,0.02773870062083006,0.4405965805053711
30,eval,model.layers.1.mlp.up_proj,0.014312786050140858,0.018136593513190746,0.11810454726219177
30,eval,model.layers.1.mlp.down_proj,0.0065937277395278215,0.008452559355646372,0.10273933410644531
30,eval,model.layers.2.self_attn.q_proj,0.023691006004810333,0.032274432480335236,0.23094415664672852
30,eval,model.layers.2.self_attn.k_proj,0.036021117120981216,0.0479601863771677,0.30721282958984375
30,eval,model.layers.2.self_attn.v_proj,0.009710103273391724,0.012503276579082012,0.0725962221622467
30,eval,model.layers.2.self_attn.o_proj,0.003061159048229456,0.004133433569222689,0.07343941926956177
30,eval,model.layers.2.mlp.gate_proj,0.027275248430669308,0.03488394431769848,0.46062374114990234
30,eval,model.layers.2.mlp.up_proj,0.018878641538321972,0.0245103407651186,1.6509552001953125
30,eval,model.layers.2.mlp.down_proj,0.011959717608988285,0.08844048902392387,13.689697265625
30,eval,model.layers.3.self_attn.q_proj,0.026794832199811935,0.03829939477145672,0.3401193618774414
30,eval,model.layers.3.self_attn.k_proj,0.03661361709237099,0.050372032448649406,0.3165414333343506
30,eval,model.layers.3.self_attn.v_proj,0.019511645659804344,0.02545037865638733,0.11288270354270935
30,eval,model.layers.3.self_attn.o_proj,0.0023848138516768813,0.0034653175389394164,0.03217816352844238
30,eval,model.layers.3.mlp.gate_proj,0.03200756572186947,0.04155115969479084,0.25287747383117676
30,eval,model.layers.3.mlp.up_proj,0.024106699042022228,0.0313353780657053,0.26813602447509766
30,eval,model.layers.3.mlp.down_proj,0.013758847955614328,0.07069321349263191,8.84283447265625
30,eval,model.layers.4.self_attn.q_proj,0.031652504578232765,0.043436914682388306,0.30323314666748047
30,eval,model.layers.4.self_attn.k_proj,0.03898957371711731,0.052271608263254166,0.23228073120117188
30,eval,model.layers.4.self_attn.v_proj,0.03042070008814335,0.040733879432082176,0.1808300018310547
30,eval,model.layers.4.self_attn.o_proj,0.003930446924641728,0.005803345935419202,0.0594215989112854
30,eval,model.layers.4.mlp.gate_proj,0.03932253643870354,0.05287064053118229,0.5789967179298401
30,eval,model.layers.4.mlp.up_proj,0.029826313257217407,0.03924773447215557,0.248349130153656
30,eval,model.layers.4.mlp.down_proj,0.0166409183293581,0.022414485923945904,0.36400651931762695
30,eval,model.layers.5.self_attn.q_proj,0.04019560478627682,0.05750630795955658,0.5714921951293945
30,eval,model.layers.5.self_attn.k_proj,0.047419264912605286,0.06688202917575836,0.3657028079032898
30,eval,model.layers.5.self_attn.v_proj,0.037524428218603134,0.05090605095028877,0.21294014155864716
30,eval,model.layers.5.self_attn.o_proj,0.0035689719952642918,0.005443411646410823,0.08348274230957031
30,eval,model.layers.5.mlp.gate_proj,0.05675422586500645,0.0774601586163044,0.572838306427002
30,eval,model.layers.5.mlp.up_proj,0.037291521206498146,0.049720482900738716,0.323408842086792
30,eval,model.layers.5.mlp.down_proj,0.01947541907429695,0.02685114275664091,0.22483301162719727
30,eval,model.layers.6.self_attn.q_proj,0.04070772044360638,0.05950920283794403,0.5929403305053711
30,eval,model.layers.6.self_attn.k_proj,0.054736727848649025,0.07879970967769623,0.5144089460372925
30,eval,model.layers.6.self_attn.v_proj,0.03262638859450817,0.045633310452103615,0.2706303596496582
30,eval,model.layers.6.self_attn.o_proj,0.0037554316222667694,0.005481922533363104,0.12017252296209335
30,eval,model.layers.6.mlp.gate_proj,0.04875834472477436,0.06623903289437294,0.5184561014175415
30,eval,model.layers.6.mlp.up_proj,0.040184613317251205,0.05435195565223694,0.38894104957580566
30,eval,model.layers.6.mlp.down_proj,0.024736959487199783,0.03466600179672241,0.22617723047733307
30,eval,model.layers.7.self_attn.q_proj,0.04949792101979256,0.07078650966286659,0.7513294219970703
30,eval,model.layers.7.self_attn.k_proj,0.06326417624950409,0.08896468207240105,0.4196913242340088
30,eval,model.layers.7.self_attn.v_proj,0.045446669682860374,0.06404639407992363,0.3445563316345215
30,eval,model.layers.7.self_attn.o_proj,0.004294554935768247,0.006298542488366365,0.0968712568283081
30,eval,model.layers.7.mlp.gate_proj,0.05450217425823212,0.07614265382289886,0.618868350982666
30,eval,model.layers.7.mlp.up_proj,0.04946976155042648,0.06922262161970139,0.6048001050949097
30,eval,model.layers.7.mlp.down_proj,0.02883775532245636,0.04142247885465622,0.41323864459991455
30,eval,model.layers.8.self_attn.q_proj,0.05647692456841469,0.10045595839619637,3.7671546936035156
30,eval,model.layers.8.self_attn.k_proj,0.07373617216944695,0.1109607070684433,1.076690673828125
30,eval,model.layers.8.self_attn.v_proj,0.0446911845356226,0.06430232897400856,0.42993640899658203
30,eval,model.layers.8.self_attn.o_proj,0.003941955976188183,0.006639531115069985,0.14577236771583557
30,eval,model.layers.8.mlp.gate_proj,0.05509171076118946,0.07856294140219688,0.8982436060905457
30,eval,model.layers.8.mlp.up_proj,0.048980362713336945,0.06915738433599472,0.7932091951370239
30,eval,model.layers.8.mlp.down_proj,0.028315993957221508,0.042113449424505234,0.5925315618515015
30,eval,model.layers.9.self_attn.q_proj,0.06498875468969345,0.10071156919002533,1.0316619873046875
30,eval,model.layers.9.self_attn.k_proj,0.08911211416125298,0.14204350858926773,0.95147705078125
30,eval,model.layers.9.self_attn.v_proj,0.058767423033714294,0.08380703628063202,0.4939514398574829
30,eval,model.layers.9.self_attn.o_proj,0.003021415788680315,0.004873170983046293,0.1170545220375061
30,eval,model.layers.9.mlp.gate_proj,0.05693021044135094,0.0821656584739685,0.8514057993888855
30,eval,model.layers.9.mlp.up_proj,0.0534837432205677,0.07708058506250381,0.8417576551437378
30,eval,model.layers.9.mlp.down_proj,0.02940278686583042,0.04396285489201546,0.5996594429016113
30,eval,model.layers.10.self_attn.q_proj,0.06289450824260712,0.09537414088845253,0.7897299528121948
30,eval,model.layers.10.self_attn.k_proj,0.07404239848256111,0.11127172037959099,0.7375152707099915
30,eval,model.layers.10.self_attn.v_proj,0.07324241101741791,0.10567865893244743,0.5680995583534241
30,eval,model.layers.10.self_attn.o_proj,0.004223842639476061,0.006730591645464301,0.13479042053222656
30,eval,model.layers.10.mlp.gate_proj,0.05888482183218002,0.0864885188639164,0.9733909964561462
30,eval,model.layers.10.mlp.up_proj,0.05286996066570282,0.07628126442432404,0.8957841396331787
30,eval,model.layers.10.mlp.down_proj,0.02857972215861082,0.04356963373720646,0.5712352991104126
30,eval,model.layers.11.self_attn.q_proj,0.08002763986587524,0.12646226212382317,1.001049518585205
30,eval,model.layers.11.self_attn.k_proj,0.09750845283269882,0.15748880058526993,1.1961288452148438
30,eval,model.layers.11.self_attn.v_proj,0.06472482532262802,0.09268109127879143,0.4551030993461609
30,eval,model.layers.11.self_attn.o_proj,0.002818064414896071,0.004583852249197662,0.09225225448608398
30,eval,model.layers.11.mlp.gate_proj,0.059296462684869766,0.0869712233543396,0.9942079782485962
30,eval,model.layers.11.mlp.up_proj,0.05809787102043629,0.08453312516212463,0.7787288427352905
30,eval,model.layers.11.mlp.down_proj,0.028626898303627968,0.0434332899749279,0.9324240684509277
30,eval,model.layers.12.self_attn.q_proj,0.07749100401997566,0.1207968145608902,1.220583200454712
30,eval,model.layers.12.self_attn.k_proj,0.0884527862071991,0.13448591530323029,0.7914786338806152
30,eval,model.layers.12.self_attn.v_proj,0.08540359139442444,0.1256977804005146,0.8349857926368713
30,eval,model.layers.12.self_attn.o_proj,0.004024932160973549,0.006451451452448964,0.12308165431022644
30,eval,model.layers.12.mlp.gate_proj,0.06111322157084942,0.09182005748152733,1.1517271995544434
30,eval,model.layers.12.mlp.up_proj,0.05990784615278244,0.08786750957369804,0.9101749658584595
30,eval,model.layers.12.mlp.down_proj,0.03157004900276661,0.04815874435007572,0.4043005406856537
30,eval,model.layers.13.self_attn.q_proj,0.09180876985192299,0.14856604486703873,1.3502758741378784
30,eval,model.layers.13.self_attn.k_proj,0.09833968430757523,0.1515846997499466,1.0754302740097046
30,eval,model.layers.13.self_attn.v_proj,0.08384685218334198,0.12343981117010117,0.8801199793815613
30,eval,model.layers.13.self_attn.o_proj,0.002583769033662975,0.0042773367604240775,0.058611392974853516
30,eval,model.layers.13.mlp.gate_proj,0.06484445370733738,0.09868604317307472,1.793686866760254
30,eval,model.layers.13.mlp.up_proj,0.06729767844080925,0.10019762441515923,0.9280530214309692
30,eval,model.layers.13.mlp.down_proj,0.03648490086197853,0.05661980248987675,0.5679563283920288
30,eval,model.layers.14.self_attn.q_proj,0.09852301701903343,0.15924087911844254,1.5689125061035156
30,eval,model.layers.14.self_attn.k_proj,0.09877695515751839,0.1538316309452057,0.9528855085372925
30,eval,model.layers.14.self_attn.v_proj,0.09558551385998726,0.1405721828341484,0.8276505470275879
30,eval,model.layers.14.self_attn.o_proj,0.004433227586559951,0.007921530865132809,0.15514349937438965
30,eval,model.layers.14.mlp.gate_proj,0.06781792640686035,0.10314888507127762,1.2487602233886719
30,eval,model.layers.14.mlp.up_proj,0.06709698587656021,0.10067317634820938,1.1049474477767944
30,eval,model.layers.14.mlp.down_proj,0.045689549297094345,0.07437334582209587,0.8021740913391113
30,eval,model.layers.15.self_attn.q_proj,0.09295785054564476,0.14799900352954865,1.3464317321777344
30,eval,model.layers.15.self_attn.k_proj,0.09584618732333183,0.14881182461977005,1.1426782608032227
30,eval,model.layers.15.self_attn.v_proj,0.0782308541238308,0.11553560197353363,0.6409381031990051
30,eval,model.layers.15.self_attn.o_proj,0.003475096309557557,0.006050036987289786,0.10102033615112305
30,eval,model.layers.15.mlp.gate_proj,0.0712321437895298,0.10802197083830833,1.8458112478256226
30,eval,model.layers.15.mlp.up_proj,0.0708141066133976,0.10644438862800598,1.3673558235168457
30,eval,model.layers.15.mlp.down_proj,0.04190144129097462,0.06451712176203728,0.7266831398010254
30,eval,model.layers.16.self_attn.q_proj,0.09312378242611885,0.1591700240969658,2.4349327087402344
30,eval,model.layers.16.self_attn.k_proj,0.10394687950611115,0.1600789949297905,0.9770298004150391
30,eval,model.layers.16.self_attn.v_proj,0.06432045251131058,0.09271758422255516,0.48893117904663086
30,eval,model.layers.16.self_attn.o_proj,0.0024273041635751724,0.004027401912026107,0.08302655816078186
30,eval,model.layers.16.mlp.gate_proj,0.0772559903562069,0.11674832180142403,1.629293441772461
30,eval,model.layers.16.mlp.up_proj,0.07010488957166672,0.10462194308638573,1.1085925102233887
30,eval,model.layers.16.mlp.down_proj,0.04607062041759491,0.0696571096777916,1.2169277667999268
30,eval,model.layers.17.self_attn.q_proj,0.09295988827943802,0.14856693148612976,1.591043472290039
30,eval,model.layers.17.self_attn.k_proj,0.09523730352520943,0.15240199863910675,1.2418899536132812
30,eval,model.layers.17.self_attn.v_proj,0.07676521316170692,0.11359336227178574,0.6496767997741699
30,eval,model.layers.17.self_attn.o_proj,0.0033903027651831508,0.005298901116475463,0.07009685039520264
30,eval,model.layers.17.mlp.gate_proj,0.0970364473760128,0.14780665189027786,1.6917123794555664
30,eval,model.layers.17.mlp.up_proj,0.08156821131706238,0.12302888184785843,0.9311409592628479
30,eval,model.layers.17.mlp.down_proj,0.05757970176637173,0.08930276706814766,1.5942010879516602
30,eval,model.layers.18.self_attn.q_proj,0.08434057608246803,0.1318233534693718,1.2526063919067383
30,eval,model.layers.18.self_attn.k_proj,0.08956597000360489,0.1361013948917389,0.8737267851829529
30,eval,model.layers.18.self_attn.v_proj,0.08227064833045006,0.12147784605622292,0.7259165048599243
30,eval,model.layers.18.self_attn.o_proj,0.004026885493658483,0.007046582875773311,0.19561287760734558
30,eval,model.layers.18.mlp.gate_proj,0.08714861795306206,0.13139786571264267,1.5914626121520996
30,eval,model.layers.18.mlp.up_proj,0.08083867281675339,0.12085351347923279,0.9551903009414673
30,eval,model.layers.18.mlp.down_proj,0.058275459334254265,0.09209176525473595,1.0741510391235352
30,eval,model.layers.19.self_attn.q_proj,0.08298509195446968,0.13301929831504822,1.3009027242660522
30,eval,model.layers.19.self_attn.k_proj,0.08836407214403152,0.13327594101428986,0.7625025510787964
30,eval,model.layers.19.self_attn.v_proj,0.08637605607509613,0.12842563539743423,0.8934555053710938
30,eval,model.layers.19.self_attn.o_proj,0.004902406828477979,0.00815720809623599,0.0962156355381012
30,eval,model.layers.19.mlp.gate_proj,0.09690050035715103,0.14716005325317383,1.3120778799057007
30,eval,model.layers.19.mlp.up_proj,0.09130683541297913,0.13723074644804,1.1761202812194824
30,eval,model.layers.19.mlp.down_proj,0.0716983824968338,0.11119964718818665,1.60237455368042
30,eval,model.layers.20.self_attn.q_proj,0.09198113158345222,0.14885185658931732,1.6897621154785156
30,eval,model.layers.20.self_attn.k_proj,0.08778566494584084,0.13801777362823486,1.0528243780136108
30,eval,model.layers.20.self_attn.v_proj,0.09903594106435776,0.14509017765522003,1.022859811782837
30,eval,model.layers.20.self_attn.o_proj,0.007486149901524186,0.012036630883812904,0.19969713687896729
30,eval,model.layers.20.mlp.gate_proj,0.09893015399575233,0.1512763872742653,1.8928768634796143
30,eval,model.layers.20.mlp.up_proj,0.0981038510799408,0.14776411652565002,1.5346283912658691
30,eval,model.layers.20.mlp.down_proj,0.0859120674431324,0.1331510692834854,2.4913220405578613
30,eval,model.layers.21.self_attn.q_proj,0.07832861319184303,0.12452603131532669,1.019256591796875
30,eval,model.layers.21.self_attn.k_proj,0.07403174787759781,0.1155480146408081,0.8862781524658203
30,eval,model.layers.21.self_attn.v_proj,0.1783987209200859,0.25928909331560135,1.6272568702697754
30,eval,model.layers.21.self_attn.o_proj,0.007097970927134156,0.01368858153000474,0.5318708419799805
30,eval,model.layers.21.mlp.gate_proj,0.0992298386991024,0.1490904539823532,3.2228126525878906
30,eval,model.layers.21.mlp.up_proj,0.0983748622238636,0.14761605113744736,4.154657363891602
30,eval,model.layers.21.mlp.down_proj,0.08717931434512138,0.18704448640346527,20.7606201171875
30,eval,model.layers.22.self_attn.q_proj,0.08492184057831764,0.13690820336341858,2.1614084243774414
30,eval,model.layers.22.self_attn.k_proj,0.07573965191841125,0.11988735944032669,1.411229133605957
30,eval,model.layers.22.self_attn.v_proj,0.11859319359064102,0.15982965379953384,0.7793582677841187
30,eval,model.layers.22.self_attn.o_proj,0.022259085439145565,0.04756125807762146,2.1096339225769043
30,eval,model.layers.22.mlp.gate_proj,0.09808974340558052,0.14905665814876556,2.354391098022461
30,eval,model.layers.22.mlp.up_proj,0.10196973383426666,0.16014299541711807,4.239185810089111
30,eval,model.layers.22.mlp.down_proj,0.1160704642534256,0.19976461678743362,2.6467466354370117
30,eval,model.layers.23.self_attn.q_proj,0.0850021094083786,0.14236434549093246,2.220198631286621
30,eval,model.layers.23.self_attn.k_proj,0.07754810154438019,0.12823164835572243,1.684385061264038
30,eval,model.layers.23.self_attn.v_proj,0.12947408109903336,0.18124649673700333,1.335472583770752
30,eval,model.layers.23.self_attn.o_proj,0.02703005261719227,0.06635330989956856,5.934412956237793
30,eval,model.layers.23.mlp.gate_proj,0.1216244101524353,0.19631431996822357,4.29691743850708
30,eval,model.layers.23.mlp.up_proj,0.12059536203742027,0.20092762261629105,6.647584915161133
30,eval,model.layers.23.mlp.down_proj,0.21164697408676147,0.5513278543949127,27.360580444335938
30,eval,lm_head,0.16204068064689636,0.2041499838232994,1.4447760581970215
40,train,model.layers.0.self_attn.q_proj,0.008927371818572283,0.016254688147455454,0.2397308349609375
40,train,model.layers.0.self_attn.k_proj,0.02472311770543456,0.051910433918237686,0.4443359375
40,train,model.layers.0.self_attn.v_proj,0.0005988489429000765,0.0007931670261314139,0.00528407096862793
40,train,model.layers.0.self_attn.o_proj,0.000497785942570772,0.000806747906608507,0.03171384334564209
40,train,model.layers.0.mlp.gate_proj,0.01648816862143576,0.0234188511967659,0.47875213623046875
40,train,model.layers.0.mlp.up_proj,0.009334204718470573,0.012292556231841445,0.21726343035697937
40,train,model.layers.0.mlp.down_proj,0.004585455521009862,0.00618837121874094,0.10810327529907227
40,train,model.layers.1.self_attn.q_proj,0.024902202654629946,0.035251558758318424,0.39114999771118164
40,train,model.layers.1.self_attn.k_proj,0.04034730512648821,0.06083528511226177,0.5277099609375
40,train,model.layers.1.self_attn.v_proj,0.007531457929871976,0.009667140198871493,0.05012735724449158
40,train,model.layers.1.self_attn.o_proj,0.002759000170044601,0.0037019800511188805,0.0453067421913147
40,train,model.layers.1.mlp.gate_proj,0.022617814131081104,0.029673239216208458,0.4536886215209961
40,train,model.layers.1.mlp.up_proj,0.015260706655681133,0.019499972462654114,0.1624298095703125
40,train,model.layers.1.mlp.down_proj,0.006862110341899097,0.00891165155917406,0.08451342582702637
40,train,model.layers.2.self_attn.q_proj,0.02481449395418167,0.033951276913285255,0.2471015453338623
40,train,model.layers.2.self_attn.k_proj,0.037170639261603355,0.04937554430216551,0.25128936767578125
40,train,model.layers.2.self_attn.v_proj,0.01012988924048841,0.013041443191468716,0.06870925426483154
40,train,model.layers.2.self_attn.o_proj,0.003046931291464716,0.004136807168833911,0.07730364799499512
40,train,model.layers.2.mlp.gate_proj,0.02818090282380581,0.036231547594070435,0.7054557800292969
40,train,model.layers.2.mlp.up_proj,0.01975120371207595,0.02568050194531679,1.6276473999023438
40,train,model.layers.2.mlp.down_proj,0.011521124513819814,0.06717503629624844,13.27923583984375
40,train,model.layers.3.self_attn.q_proj,0.028132321778684855,0.04030901100486517,0.41077518463134766
40,train,model.layers.3.self_attn.k_proj,0.03922210447490215,0.05421561934053898,0.31467294692993164
40,train,model.layers.3.self_attn.v_proj,0.01942529436200857,0.025515001732856035,0.12185554206371307
40,train,model.layers.3.self_attn.o_proj,0.0025055709993466735,0.0036853040801361203,0.03963252902030945
40,train,model.layers.3.mlp.gate_proj,0.033455717377364635,0.043512001633644104,0.2958557605743408
40,train,model.layers.3.mlp.up_proj,0.02513375598937273,0.0327857811935246,0.3549997806549072
40,train,model.layers.3.mlp.down_proj,0.014533470384776592,0.07869756408035755,11.16314697265625
40,train,model.layers.4.self_attn.q_proj,0.03390701115131378,0.04678836464881897,0.34889090061187744
40,train,model.layers.4.self_attn.k_proj,0.04165761638432741,0.056273458525538445,0.33609771728515625
40,train,model.layers.4.self_attn.v_proj,0.032469391357153654,0.04336207080632448,0.25301095843315125
40,train,model.layers.4.self_attn.o_proj,0.0044051523436792195,0.0064080614829435945,0.09556829929351807
40,train,model.layers.4.mlp.gate_proj,0.04096889775246382,0.055033463053405285,0.6706995964050293
40,train,model.layers.4.mlp.up_proj,0.03134709224104881,0.04127805773168802,0.2925471067428589
40,train,model.layers.4.mlp.down_proj,0.01709122397005558,0.023091959301382303,0.3766646385192871
40,train,model.layers.5.self_attn.q_proj,0.04173578042536974,0.059172678738832474,0.74749755859375
40,train,model.layers.5.self_attn.k_proj,0.04938511736690998,0.06814394984394312,0.49446821212768555
40,train,model.layers.5.self_attn.v_proj,0.03840245399624109,0.05126310046762228,0.28620052337646484
40,train,model.layers.5.self_attn.o_proj,0.00436962372623384,0.006394110503606498,0.1593153476715088
40,train,model.layers.5.mlp.gate_proj,0.057465365156531334,0.07819880731403828,0.6530202627182007
40,train,model.layers.5.mlp.up_proj,0.03821955528110266,0.050707196816802025,0.369324266910553
40,train,model.layers.5.mlp.down_proj,0.019781483337283134,0.02688229037448764,0.23106300830841064
40,train,model.layers.6.self_attn.q_proj,0.041974686086177826,0.060912394896149635,0.6795616149902344
40,train,model.layers.6.self_attn.k_proj,0.054721368476748466,0.07630640640854836,0.5194075107574463
40,train,model.layers.6.self_attn.v_proj,0.033057811204344034,0.04527417942881584,0.3043336272239685
40,train,model.layers.6.self_attn.o_proj,0.004686586267780513,0.006935273529961705,0.11921471357345581
40,train,model.layers.6.mlp.gate_proj,0.04769556410610676,0.06465086061507463,0.7457795143127441
40,train,model.layers.6.mlp.up_proj,0.04030724335461855,0.05434666480869055,0.4703524112701416
40,train,model.layers.6.mlp.down_proj,0.02287568338215351,0.031568427570164204,0.255132257938385
40,train,model.layers.7.self_attn.q_proj,0.048256468027830124,0.06782865710556507,0.5907047390937805
40,train,model.layers.7.self_attn.k_proj,0.06027221865952015,0.08403981104493141,0.6063519716262817
40,train,model.layers.7.self_attn.v_proj,0.04049823433160782,0.055681366473436356,0.42186981439590454
40,train,model.layers.7.self_attn.o_proj,0.00439369713421911,0.006406954489648342,0.1582014113664627
40,train,model.layers.7.mlp.gate_proj,0.050796824507415295,0.07026482652872801,0.7718031406402588
40,train,model.layers.7.mlp.up_proj,0.04608745779842138,0.06366073153913021,0.6773511171340942
40,train,model.layers.7.mlp.down_proj,0.02802636520937085,0.03973766742274165,0.4779718220233917
40,train,model.layers.8.self_attn.q_proj,0.05656057596206665,0.10537184216082096,4.245048522949219
40,train,model.layers.8.self_attn.k_proj,0.07096688356250525,0.10542755573987961,1.04840087890625
40,train,model.layers.8.self_attn.v_proj,0.04375472851097584,0.062069863080978394,0.5951963067054749
40,train,model.layers.8.self_attn.o_proj,0.004944452608469874,0.008281951188109815,0.24141472578048706
40,train,model.layers.8.mlp.gate_proj,0.05311215668916702,0.07462051045149565,1.1206921339035034
40,train,model.layers.8.mlp.up_proj,0.047080645337700844,0.06528190337121487,0.7179386019706726
40,train,model.layers.8.mlp.down_proj,0.027779853902757168,0.04016618337482214,0.37732744216918945
40,train,model.layers.9.self_attn.q_proj,0.06510423589497805,0.09768888168036938,1.1891472339630127
40,train,model.layers.9.self_attn.k_proj,0.08680127188563347,0.13855927251279354,1.6639851331710815
40,train,model.layers.9.self_attn.v_proj,0.05726039595901966,0.07955136336386204,0.5758979320526123
40,train,model.layers.9.self_attn.o_proj,0.003355395747348666,0.005292806483339518,0.12095877528190613
40,train,model.layers.9.mlp.gate_proj,0.056672907434403896,0.08032989781349897,0.8920726180076599
40,train,model.layers.9.mlp.up_proj,0.05250266846269369,0.07385561894625425,0.9055101871490479
40,train,model.layers.9.mlp.down_proj,0.028584621846675873,0.04202374117448926,0.9288163185119629
40,train,model.layers.10.self_attn.q_proj,0.06158970855176449,0.09085824899375439,1.2300153970718384
40,train,model.layers.10.self_attn.k_proj,0.07099763117730618,0.1037931740283966,1.0917422771453857
40,train,model.layers.10.self_attn.v_proj,0.07085155975073576,0.09838608279824257,0.9011584520339966
40,train,model.layers.10.self_attn.o_proj,0.005428641918115318,0.008293850813060999,0.19984906911849976
40,train,model.layers.10.mlp.gate_proj,0.05794492084532976,0.08309020567685366,1.1269197463989258
40,train,model.layers.10.mlp.up_proj,0.05147906858474016,0.07228206656873226,0.9236798286437988
40,train,model.layers.10.mlp.down_proj,0.026829876005649567,0.03963158838450909,0.7891502380371094
40,train,model.layers.11.self_attn.q_proj,0.07396407797932625,0.11697518080472946,1.5246524810791016
40,train,model.layers.11.self_attn.k_proj,0.09741096012294292,0.16143112815916538,1.668532371520996
40,train,model.layers.11.self_attn.v_proj,0.06328937318176031,0.08933384530246258,0.8762767314910889
40,train,model.layers.11.self_attn.o_proj,0.0031003744225017726,0.005056283494923264,0.13149189949035645
40,train,model.layers.11.mlp.gate_proj,0.05751136038452387,0.08198710903525352,0.8893280625343323
40,train,model.layers.11.mlp.up_proj,0.056509324349462986,0.08008790016174316,1.2311593294143677
40,train,model.layers.11.mlp.down_proj,0.027575416956096888,0.04048829339444637,1.0858272314071655
40,train,model.layers.12.self_attn.q_proj,0.07315597031265497,0.1097154077142477,1.399803876876831
40,train,model.layers.12.self_attn.k_proj,0.07766059972345829,0.11352871172130108,0.8327552080154419
40,train,model.layers.12.self_attn.v_proj,0.07988917082548141,0.11475973762571812,0.7448325157165527
40,train,model.layers.12.self_attn.o_proj,0.005193051532842219,0.007858095923438668,0.14599749445915222
40,train,model.layers.12.mlp.gate_proj,0.058018614538013935,0.08438126184046268,1.3695948123931885
40,train,model.layers.12.mlp.up_proj,0.05705141834914684,0.0808698358014226,1.0161997079849243
40,train,model.layers.12.mlp.down_proj,0.029761445708572865,0.04396331962198019,0.9185402393341064
40,train,model.layers.13.self_attn.q_proj,0.08616019319742918,0.13665356673300266,1.5195636749267578
40,train,model.layers.13.self_attn.k_proj,0.09430169500410557,0.14058990962803364,1.4132051467895508
40,train,model.layers.13.self_attn.v_proj,0.07764165196567774,0.11049055866897106,0.6423376798629761
40,train,model.layers.13.self_attn.o_proj,0.003906566125806421,0.006101658276747912,0.13314783573150635
40,train,model.layers.13.mlp.gate_proj,0.06198440119624138,0.09068372845649719,1.6604530811309814
40,train,model.layers.13.mlp.up_proj,0.06378783751279116,0.09172454476356506,1.2728086709976196
40,train,model.layers.13.mlp.down_proj,0.03392871888354421,0.05024586245417595,0.8052880764007568
40,train,model.layers.14.self_attn.q_proj,0.0872441167011857,0.13278306648135185,1.8797168731689453
40,train,model.layers.14.self_attn.k_proj,0.08961185812950134,0.1357912514358759,1.606990098953247
40,train,model.layers.14.self_attn.v_proj,0.08918757364153862,0.1261167675256729,1.1064696311950684
40,train,model.layers.14.self_attn.o_proj,0.006391524220816791,0.01068471185863018,0.34613871574401855
40,train,model.layers.14.mlp.gate_proj,0.06258462928235531,0.09146747179329395,1.3211168050765991
40,train,model.layers.14.mlp.up_proj,0.061737663112580776,0.08821238204836845,0.9004551768302917
40,train,model.layers.14.mlp.down_proj,0.03874897351488471,0.058857458643615246,0.756382942199707
40,train,model.layers.15.self_attn.q_proj,0.08620941359549761,0.1293596737086773,1.6240012645721436
40,train,model.layers.15.self_attn.k_proj,0.08812816813588142,0.13239778205752373,1.1714625358581543
40,train,model.layers.15.self_attn.v_proj,0.07225937955081463,0.10279180482029915,0.8032541275024414
40,train,model.layers.15.self_attn.o_proj,0.004490540304686874,0.007533699506893754,0.26242122054100037
40,train,model.layers.15.mlp.gate_proj,0.06512714270502329,0.09340799786150455,1.2801828384399414
40,train,model.layers.15.mlp.up_proj,0.06554035097360611,0.09347598254680634,1.5662447214126587
40,train,model.layers.15.mlp.down_proj,0.03875682968646288,0.05651579424738884,1.3871867656707764
40,train,model.layers.16.self_attn.q_proj,0.08624561224132776,0.13807634264230728,1.3805139064788818
40,train,model.layers.16.self_attn.k_proj,0.10047211311757565,0.1532090362161398,1.3621244430541992
40,train,model.layers.16.self_attn.v_proj,0.057834140956401825,0.08040544670075178,0.668393611907959
40,train,model.layers.16.self_attn.o_proj,0.003401738067623228,0.006377471145242453,0.2569851875305176
40,train,model.layers.16.mlp.gate_proj,0.07009664457291365,0.10009806975722313,1.0667303800582886
40,train,model.layers.16.mlp.up_proj,0.06374483834952116,0.0905318446457386,1.36501944065094
40,train,model.layers.16.mlp.down_proj,0.0426456774584949,0.061192288994789124,1.3899121284484863
40,train,model.layers.17.self_attn.q_proj,0.0862623667344451,0.12985808961093426,1.6643257141113281
40,train,model.layers.17.self_attn.k_proj,0.08423293568193913,0.128623740747571,1.0789637565612793
40,train,model.layers.17.self_attn.v_proj,0.06993369478732347,0.09902170114219189,0.7292091846466064
40,train,model.layers.17.self_attn.o_proj,0.004957309341989458,0.008168732281774282,0.13392889499664307
40,train,model.layers.17.mlp.gate_proj,0.08642672747373581,0.12463690526783466,2.065612554550171
40,train,model.layers.17.mlp.up_proj,0.07344969268888235,0.10482916980981827,1.010333776473999
40,train,model.layers.17.mlp.down_proj,0.051237210631370544,0.0758545808494091,1.5915062427520752
40,train,model.layers.18.self_attn.q_proj,0.07890441082417965,0.11685041896998882,1.4206666946411133
40,train,model.layers.18.self_attn.k_proj,0.08197745867073536,0.11839432828128338,0.9504051208496094
40,train,model.layers.18.self_attn.v_proj,0.07591933757066727,0.10676028206944466,0.7571496963500977
40,train,model.layers.18.self_attn.o_proj,0.0054951689671725035,0.009525261353701353,0.19641071557998657
40,train,model.layers.18.mlp.gate_proj,0.07900200597941875,0.11334706842899323,1.4475762844085693
40,train,model.layers.18.mlp.up_proj,0.07276953384280205,0.1031841766089201,0.965732991695404
40,train,model.layers.18.mlp.down_proj,0.05271724425256252,0.07773967273533344,0.7489233016967773
40,train,model.layers.19.self_attn.q_proj,0.07647702377289534,0.1162815485149622,1.2062492370605469
40,train,model.layers.19.self_attn.k_proj,0.0801680525764823,0.11514841392636299,1.0211527347564697
40,train,model.layers.19.self_attn.v_proj,0.08040260057896376,0.11338174529373646,0.930003821849823
40,train,model.layers.19.self_attn.o_proj,0.006314918282441795,0.010799027746543288,0.16926027834415436
40,train,model.layers.19.mlp.gate_proj,0.08763992507010698,0.1268045585602522,1.8177404403686523
40,train,model.layers.19.mlp.up_proj,0.08359616622328758,0.11960158683359623,1.1802785396575928
40,train,model.layers.19.mlp.down_proj,0.06598364468663931,0.09684932231903076,1.2462756633758545
40,train,model.layers.20.self_attn.q_proj,0.08256563823670149,0.12434733659029007,1.4397460222244263
40,train,model.layers.20.self_attn.k_proj,0.07976390235126019,0.11980638280510902,1.1654517650604248
40,train,model.layers.20.self_attn.v_proj,0.09100637212395668,0.12853965908288956,0.8979971408843994
40,train,model.layers.20.self_attn.o_proj,0.007864842773415148,0.01174742029979825,0.24919795989990234
40,train,model.layers.20.mlp.gate_proj,0.09029312618076801,0.13021426647901535,1.8075288534164429
40,train,model.layers.20.mlp.up_proj,0.08909748401492834,0.12728361412882805,1.363398790359497
40,train,model.layers.20.mlp.down_proj,0.07812102325260639,0.11447482742369175,1.607818603515625
40,train,model.layers.21.self_attn.q_proj,0.07267608400434256,0.10927997156977654,1.242147445678711
40,train,model.layers.21.self_attn.k_proj,0.0667404355481267,0.10222204774618149,1.1028037071228027
40,train,model.layers.21.self_attn.v_proj,0.1650462057441473,0.23847321793437004,2.041351795196533
40,train,model.layers.21.self_attn.o_proj,0.00948687014169991,0.017930138623341918,0.5872297286987305
40,train,model.layers.21.mlp.gate_proj,0.08932619076222181,0.12849048152565956,4.841835021972656
40,train,model.layers.21.mlp.up_proj,0.08932122960686684,0.12846186198294163,6.679405212402344
40,train,model.layers.21.mlp.down_proj,0.07547205407172441,0.18020578287541866,21.2701416015625
40,train,model.layers.22.self_attn.q_proj,0.08570369705557823,0.16127179190516472,4.4775614738464355
40,train,model.layers.22.self_attn.k_proj,0.0758041962981224,0.1415993981063366,3.5171287059783936
40,train,model.layers.22.self_attn.v_proj,0.11754781566560268,0.1628910657018423,1.3317115306854248
40,train,model.layers.22.self_attn.o_proj,0.017024983651936054,0.0354017005302012,3.673414468765259
40,train,model.layers.22.mlp.gate_proj,0.09395075216889381,0.16048205085098743,5.14454460144043
40,train,model.layers.22.mlp.up_proj,0.09912160784006119,0.1821580845862627,9.488883018493652
40,train,model.layers.22.mlp.down_proj,0.11389714293181896,0.23615367524325848,10.227327346801758
40,train,model.layers.23.self_attn.q_proj,0.08549783006310463,0.1682332083582878,5.386826515197754
40,train,model.layers.23.self_attn.k_proj,0.07963231857866049,0.15309042111039162,2.7619876861572266
40,train,model.layers.23.self_attn.v_proj,0.12637891247868538,0.19735105708241463,2.9426393508911133
40,train,model.layers.23.self_attn.o_proj,0.028712783940136433,0.07842133473604918,7.154455184936523
40,train,model.layers.23.mlp.gate_proj,0.11975359357893467,0.22751713544130325,9.355195999145508
40,train,model.layers.23.mlp.up_proj,0.11996706388890743,0.23717579245567322,10.317843437194824
40,train,model.layers.23.mlp.down_proj,0.18176403641700745,0.488393809646368,26.791580200195312
40,train,lm_head,0.2033361867070198,0.2511216066777706,1.3520722389221191
40,eval,model.layers.0.self_attn.q_proj,0.0091569391079247,0.01650162599980831,0.21984100341796875
40,eval,model.layers.0.self_attn.k_proj,0.02484558057039976,0.05232875235378742,0.4435577392578125
40,eval,model.layers.0.self_attn.v_proj,0.0006011668301653117,0.0007961456722114235,0.00528407096862793
40,eval,model.layers.0.self_attn.o_proj,0.0003981953486800194,0.0006221271469257772,0.024308115243911743
40,eval,model.layers.0.mlp.gate_proj,0.01510669058188796,0.021596163511276245,0.5942049026489258
40,eval,model.layers.0.mlp.up_proj,0.008822962641716003,0.011486801784485579,0.18496811389923096
40,eval,model.layers.0.mlp.down_proj,0.004255656851455569,0.005700602428987622,0.09313297271728516
40,eval,model.layers.1.self_attn.q_proj,0.023288153111934662,0.03278558701276779,0.28002774715423584
40,eval,model.layers.1.self_attn.k_proj,0.038236528635025024,0.0602881945669651,0.5503997802734375
40,eval,model.layers.1.self_attn.v_proj,0.007017998024821281,0.008946319110691547,0.05184435844421387
40,eval,model.layers.1.self_attn.o_proj,0.002660950180143118,0.0036083150189369917,0.04899930953979492
40,eval,model.layers.1.mlp.gate_proj,0.0212707556784153,0.027739645913243294,0.43831562995910645
40,eval,model.layers.1.mlp.up_proj,0.01431118045002222,0.01813412643969059,0.11681908369064331
40,eval,model.layers.1.mlp.down_proj,0.00659454264678061,0.008452784735709429,0.1025087833404541
40,eval,model.layers.2.self_attn.q_proj,0.023695318959653378,0.032283611595630646,0.2314910888671875
40,eval,model.layers.2.self_attn.k_proj,0.03601495921611786,0.0479577761143446,0.307281494140625
40,eval,model.layers.2.self_attn.v_proj,0.009712636470794678,0.01250725844874978,0.07256236672401428
40,eval,model.layers.2.self_attn.o_proj,0.0030629208777099848,0.004136271541938186,0.07351073622703552
40,eval,model.layers.2.mlp.gate_proj,0.027271760627627373,0.0348783228546381,0.46190834045410156
40,eval,model.layers.2.mlp.up_proj,0.018884487450122833,0.02450677938759327,1.6276473999023438
40,eval,model.layers.2.mlp.down_proj,0.011961853131651878,0.0886807031929493,13.27923583984375
40,eval,model.layers.3.self_attn.q_proj,0.026784371584653854,0.0382873211055994,0.3391566276550293
40,eval,model.layers.3.self_attn.k_proj,0.036620309576392174,0.05037951096892357,0.3157670497894287
40,eval,model.layers.3.self_attn.v_proj,0.019501731730997562,0.025436713360249996,0.11290596425533295
40,eval,model.layers.3.self_attn.o_proj,0.0023882145760580897,0.003469248884357512,0.03266793489456177
40,eval,model.layers.3.mlp.gate_proj,0.03202212043106556,0.04156816005706787,0.2515125274658203
40,eval,model.layers.3.mlp.up_proj,0.024112721905112267,0.03134347312152386,0.2696704864501953
40,eval,model.layers.3.mlp.down_proj,0.013757857959717512,0.070431437343359,8.8536376953125
40,eval,model.layers.4.self_attn.q_proj,0.031659760512411594,0.0434420146048069,0.3025006055831909
40,eval,model.layers.4.self_attn.k_proj,0.03900011628866196,0.05226818472146988,0.2349395751953125
40,eval,model.layers.4.self_attn.v_proj,0.030409710481762886,0.04071780480444431,0.18040800094604492
40,eval,model.layers.4.self_attn.o_proj,0.003930523293092847,0.005803890526294708,0.059396564960479736
40,eval,model.layers.4.mlp.gate_proj,0.039328109472990036,0.05287611111998558,0.575351893901825
40,eval,model.layers.4.mlp.up_proj,0.029824743047356606,0.03924494981765747,0.24732953310012817
40,eval,model.layers.4.mlp.down_proj,0.016639946959912777,0.022411566227674484,0.3618659973144531
40,eval,model.layers.5.self_attn.q_proj,0.04018503800034523,0.05747099407017231,0.5714874267578125
40,eval,model.layers.5.self_attn.k_proj,0.0474207978695631,0.06685073673725128,0.36597949266433716
40,eval,model.layers.5.self_attn.v_proj,0.03749247081577778,0.050860004499554634,0.21291813254356384
40,eval,model.layers.5.self_attn.o_proj,0.0035705832997336984,0.005443480098620057,0.08504247665405273
40,eval,model.layers.5.mlp.gate_proj,0.05674350634217262,0.07742898911237717,0.5717759132385254
40,eval,model.layers.5.mlp.up_proj,0.03729513846337795,0.049721868708729744,0.3241044580936432
40,eval,model.layers.5.mlp.down_proj,0.01947539858520031,0.02685114275664091,0.22577166557312012
40,eval,model.layers.6.self_attn.q_proj,0.04074304178357124,0.05956290662288666,0.5977625846862793
40,eval,model.layers.6.self_attn.k_proj,0.05476279743015766,0.07883340492844582,0.5139983892440796
40,eval,model.layers.6.self_attn.v_proj,0.032631466165184975,0.045643361285328865,0.2695489227771759
40,eval,model.layers.6.self_attn.o_proj,0.003753064083866775,0.0054800917860120535,0.12124931812286377
40,eval,model.layers.6.mlp.gate_proj,0.04876413755118847,0.06624620780348778,0.5140514373779297
40,eval,model.layers.6.mlp.up_proj,0.04018920473754406,0.05435514450073242,0.38918542861938477
40,eval,model.layers.6.mlp.down_proj,0.024745742790400982,0.03467385284602642,0.2279772162437439
40,eval,model.layers.7.self_attn.q_proj,0.04951893910765648,0.07081031426787376,0.7538251876831055
40,eval,model.layers.7.self_attn.k_proj,0.06332053616642952,0.08906330913305283,0.4216270446777344
40,eval,model.layers.7.self_attn.v_proj,0.04545556381344795,0.06405104696750641,0.3436288833618164
40,eval,model.layers.7.self_attn.o_proj,0.004298031097277999,0.006305966060608625,0.09786725044250488
40,eval,model.layers.7.mlp.gate_proj,0.05449524708092213,0.07612958177924156,0.618209719657898
40,eval,model.layers.7.mlp.up_proj,0.04947004280984402,0.06921916455030441,0.60585618019104
40,eval,model.layers.7.mlp.down_proj,0.028835983015596867,0.04141647554934025,0.41508543491363525
40,eval,model.layers.8.self_attn.q_proj,0.056482529267668724,0.1004401370882988,3.782196044921875
40,eval,model.layers.8.self_attn.k_proj,0.07376660406589508,0.11096932366490364,1.0759429931640625
40,eval,model.layers.8.self_attn.v_proj,0.044712649658322334,0.06432120874524117,0.42952489852905273
40,eval,model.layers.8.self_attn.o_proj,0.003945794189348817,0.006648805690929294,0.1461794376373291
40,eval,model.layers.8.mlp.gate_proj,0.055115317925810814,0.07859282940626144,0.8951265215873718
40,eval,model.layers.8.mlp.up_proj,0.04899296350777149,0.06916550174355507,0.7918990254402161
40,eval,model.layers.8.mlp.down_proj,0.028318881057202816,0.042120952159166336,0.5954914093017578
40,eval,model.layers.9.self_attn.q_proj,0.0650293193757534,0.1007709763944149,1.0300979614257812
40,eval,model.layers.9.self_attn.k_proj,0.08915455266833305,0.14203651994466782,0.9530148506164551
40,eval,model.layers.9.self_attn.v_proj,0.05877219885587692,0.08381812274456024,0.4918100833892822
40,eval,model.layers.9.self_attn.o_proj,0.0030229627154767513,0.0048734520096331835,0.1165386438369751
40,eval,model.layers.9.mlp.gate_proj,0.056948963552713394,0.08218991383910179,0.8595525026321411
40,eval,model.layers.9.mlp.up_proj,0.05349862575531006,0.07710320129990578,0.8472836017608643
40,eval,model.layers.9.mlp.down_proj,0.02941648755222559,0.04398040845990181,0.5922203063964844
40,eval,model.layers.10.self_attn.q_proj,0.06291094981133938,0.09539147093892097,0.7893496751785278
40,eval,model.layers.10.self_attn.k_proj,0.07403355464339256,0.11123467236757278,0.7399182915687561
40,eval,model.layers.10.self_attn.v_proj,0.07327348738908768,0.10571114718914032,0.5697615742683411
40,eval,model.layers.10.self_attn.o_proj,0.004229704849421978,0.006745820166543126,0.13624143600463867
40,eval,model.layers.10.mlp.gate_proj,0.058915501460433006,0.08651634305715561,0.9700279235839844
40,eval,model.layers.10.mlp.up_proj,0.05289320833981037,0.0763036198914051,0.89713454246521
40,eval,model.layers.10.mlp.down_proj,0.02860072534531355,0.04359733685851097,0.5726349353790283
40,eval,model.layers.11.self_attn.q_proj,0.0800357386469841,0.126458790153265,1.0052094459533691
40,eval,model.layers.11.self_attn.k_proj,0.09759129583835602,0.1575804352760315,1.1939809322357178
40,eval,model.layers.11.self_attn.v_proj,0.06477398052811623,0.09271903708577156,0.46063148975372314
40,eval,model.layers.11.self_attn.o_proj,0.0028293284121900797,0.004604085232131183,0.09221446514129639
40,eval,model.layers.11.mlp.gate_proj,0.05931107886135578,0.08698657155036926,0.9991354942321777
40,eval,model.layers.11.mlp.up_proj,0.05811326205730438,0.08453989028930664,0.776896595954895
40,eval,model.layers.11.mlp.down_proj,0.028632466681301594,0.04344070330262184,0.941148042678833
40,eval,model.layers.12.self_attn.q_proj,0.07746460288763046,0.12076262012124062,1.225111961364746
40,eval,model.layers.12.self_attn.k_proj,0.08849381655454636,0.1345546394586563,0.800635576248169
40,eval,model.layers.12.self_attn.v_proj,0.08537263423204422,0.12560927122831345,0.8333063125610352
40,eval,model.layers.12.self_attn.o_proj,0.004028037888929248,0.006455517839640379,0.12254178524017334
40,eval,model.layers.12.mlp.gate_proj,0.06110578775405884,0.09179972484707832,1.1558871269226074
40,eval,model.layers.12.mlp.up_proj,0.05989758111536503,0.0878441259264946,0.9051803350448608
40,eval,model.layers.12.mlp.down_proj,0.031570810824632645,0.04815525375306606,0.4058724641799927
40,eval,model.layers.13.self_attn.q_proj,0.09179594367742538,0.1485593244433403,1.35695481300354
40,eval,model.layers.13.self_attn.k_proj,0.09836142137646675,0.15159858763217926,1.0733860731124878
40,eval,model.layers.13.self_attn.v_proj,0.08382958546280861,0.12338413298130035,0.8782979846000671
40,eval,model.layers.13.self_attn.o_proj,0.0025838788133114576,0.004279183340258896,0.05946087837219238
40,eval,model.layers.13.mlp.gate_proj,0.06483975984156132,0.09866561740636826,1.8038244247436523
40,eval,model.layers.13.mlp.up_proj,0.06728853657841682,0.100174680352211,0.9193782806396484
40,eval,model.layers.13.mlp.down_proj,0.03648914210498333,0.05662797950208187,0.5705550909042358
40,eval,model.layers.14.self_attn.q_proj,0.09851135686039925,0.15920887887477875,1.5671672821044922
40,eval,model.layers.14.self_attn.k_proj,0.09881039336323738,0.15387968719005585,0.9568629860877991
40,eval,model.layers.14.self_attn.v_proj,0.09557261317968369,0.14052101224660873,0.8297899961471558
40,eval,model.layers.14.self_attn.o_proj,0.004443732206709683,0.007945976685732603,0.15488791465759277
40,eval,model.layers.14.mlp.gate_proj,0.0678018294274807,0.10310898721218109,1.2538032531738281
40,eval,model.layers.14.mlp.up_proj,0.06708794832229614,0.10064460337162018,1.1071336269378662
40,eval,model.layers.14.mlp.down_proj,0.04568389058113098,0.0743686892092228,0.8056249618530273
40,eval,model.layers.15.self_attn.q_proj,0.09287410601973534,0.1478763371706009,1.3423635959625244
40,eval,model.layers.15.self_attn.k_proj,0.09581155329942703,0.14874818921089172,1.1403913497924805
40,eval,model.layers.15.self_attn.v_proj,0.07823756337165833,0.11552203819155693,0.6363558769226074
40,eval,model.layers.15.self_attn.o_proj,0.0034795323153957725,0.006054522469639778,0.09900593757629395
40,eval,model.layers.15.mlp.gate_proj,0.07123209536075592,0.10801131278276443,1.8577053546905518
40,eval,model.layers.15.mlp.up_proj,0.07080413401126862,0.10641837492585182,1.3720064163208008
40,eval,model.layers.15.mlp.down_proj,0.04188160225749016,0.06449143774807453,0.7320253849029541
40,eval,model.layers.16.self_attn.q_proj,0.09317849203944206,0.15932320058345795,2.4483089447021484
40,eval,model.layers.16.self_attn.k_proj,0.10397124662995338,0.16009175777435303,0.9757351875305176
40,eval,model.layers.16.self_attn.v_proj,0.06432732939720154,0.09271862730383873,0.4860650300979614
40,eval,model.layers.16.self_attn.o_proj,0.002424646867439151,0.004015212063677609,0.08277645707130432
40,eval,model.layers.16.mlp.gate_proj,0.07725987210869789,0.11677204817533493,1.6130244731903076
40,eval,model.layers.16.mlp.up_proj,0.07010000199079514,0.10464417189359665,1.1165335178375244
40,eval,model.layers.16.mlp.down_proj,0.04608413018286228,0.06969195231795311,1.2122230529785156
40,eval,model.layers.17.self_attn.q_proj,0.09296157211065292,0.14864523708820343,1.6048078536987305
40,eval,model.layers.17.self_attn.k_proj,0.09524352848529816,0.15245014429092407,1.2467241287231445
40,eval,model.layers.17.self_attn.v_proj,0.07673129439353943,0.1135764941573143,0.6500697135925293
40,eval,model.layers.17.self_attn.o_proj,0.0034008737420663238,0.005325291538611054,0.06989023089408875
40,eval,model.layers.17.mlp.gate_proj,0.09703115746378899,0.14783205091953278,1.7027361392974854
40,eval,model.layers.17.mlp.up_proj,0.08156152442097664,0.12303619831800461,0.9385174512863159
40,eval,model.layers.17.mlp.down_proj,0.0575603935867548,0.08930555358529091,1.594757080078125
40,eval,model.layers.18.self_attn.q_proj,0.08431756123900414,0.13185082376003265,1.262927532196045
40,eval,model.layers.18.self_attn.k_proj,0.08952043205499649,0.13604547828435898,0.8728253245353699
40,eval,model.layers.18.self_attn.v_proj,0.08228687942028046,0.12148422375321388,0.7304607629776001
40,eval,model.layers.18.self_attn.o_proj,0.004023997578769922,0.0070327953435480595,0.19449420273303986
40,eval,model.layers.18.mlp.gate_proj,0.08713364973664284,0.13139253854751587,1.6030139923095703
40,eval,model.layers.18.mlp.up_proj,0.08080772683024406,0.120830487459898,0.9595960378646851
40,eval,model.layers.18.mlp.down_proj,0.058264801278710365,0.0921306274831295,1.0749664306640625
40,eval,model.layers.19.self_attn.q_proj,0.08295493200421333,0.13308759033679962,1.310408592224121
40,eval,model.layers.19.self_attn.k_proj,0.08836472034454346,0.13330765813589096,0.7626433968544006
40,eval,model.layers.19.self_attn.v_proj,0.08634857833385468,0.12841608375310898,0.8991391062736511
40,eval,model.layers.19.self_attn.o_proj,0.004914263729006052,0.008170467568561435,0.09571091830730438
40,eval,model.layers.19.mlp.gate_proj,0.09686681255698204,0.14714068919420242,1.3078337907791138
40,eval,model.layers.19.mlp.up_proj,0.09128982201218605,0.13724857568740845,1.1821547746658325
40,eval,model.layers.19.mlp.down_proj,0.07169399037957191,0.11126108840107918,1.593620777130127
40,eval,model.layers.20.self_attn.q_proj,0.09197539836168289,0.1489553302526474,1.7000694274902344
40,eval,model.layers.20.self_attn.k_proj,0.08778578042984009,0.13806509971618652,1.046360731124878
40,eval,model.layers.20.self_attn.v_proj,0.0990789644420147,0.14513080567121506,1.025955319404602
40,eval,model.layers.20.self_attn.o_proj,0.007498516468331218,0.01205264963209629,0.1975569725036621
40,eval,model.layers.20.mlp.gate_proj,0.09891301020979881,0.15128228813409805,1.8956832885742188
40,eval,model.layers.20.mlp.up_proj,0.09808510914444923,0.1477825567126274,1.544830322265625
40,eval,model.layers.20.mlp.down_proj,0.08583969995379448,0.13310673832893372,2.4935288429260254
40,eval,model.layers.21.self_attn.q_proj,0.07829408347606659,0.1245444156229496,1.0288429260253906
40,eval,model.layers.21.self_attn.k_proj,0.0740092284977436,0.11548547446727753,0.8781442642211914
40,eval,model.layers.21.self_attn.v_proj,0.17829837650060654,0.25919054448604584,1.625519871711731
40,eval,model.layers.21.self_attn.o_proj,0.007097457069903612,0.013701661489903927,0.5408504009246826
40,eval,model.layers.21.mlp.gate_proj,0.09918385744094849,0.14908155798912048,3.2638816833496094
40,eval,model.layers.21.mlp.up_proj,0.09834225103259087,0.14762775599956512,4.167808532714844
40,eval,model.layers.21.mlp.down_proj,0.08713148161768913,0.1870613619685173,21.2701416015625
40,eval,model.layers.22.self_attn.q_proj,0.08469894155859947,0.1362929418683052,2.107569694519043
40,eval,model.layers.22.self_attn.k_proj,0.07558195665478706,0.1195552721619606,1.3824870586395264
40,eval,model.layers.22.self_attn.v_proj,0.11850286647677422,0.1597685143351555,0.7781758308410645
40,eval,model.layers.22.self_attn.o_proj,0.02194784115999937,0.04660193622112274,2.056931495666504
40,eval,model.layers.22.mlp.gate_proj,0.09777514636516571,0.14824485033750534,2.312528610229492
40,eval,model.layers.22.mlp.up_proj,0.10166128724813461,0.15914924442768097,4.1603007316589355
40,eval,model.layers.22.mlp.down_proj,0.11571222171187401,0.1984378695487976,2.6106529235839844
40,eval,model.layers.23.self_attn.q_proj,0.08471713215112686,0.14163896813988686,2.1877849102020264
40,eval,model.layers.23.self_attn.k_proj,0.07726830244064331,0.12756386026740074,1.652831792831421
40,eval,model.layers.23.self_attn.v_proj,0.12919361516833305,0.180682010948658,1.331186056137085
40,eval,model.layers.23.self_attn.o_proj,0.026850422844290733,0.0656619556248188,5.848028182983398
40,eval,model.layers.23.mlp.gate_proj,0.12129344791173935,0.19536226987838745,4.249391078948975
40,eval,model.layers.23.mlp.up_proj,0.12024649605154991,0.19985181093215942,6.56500244140625
40,eval,model.layers.23.mlp.down_proj,0.2106965184211731,0.5465581864118576,26.791580200195312
40,eval,lm_head,0.1581050269305706,0.19939745962619781,1.4104995727539062
50,train,model.layers.0.self_attn.q_proj,0.008927516639232635,0.016254656948149204,0.23973846435546875
50,train,model.layers.0.self_attn.k_proj,0.024722944013774395,0.0519104627892375,0.4443206787109375
50,train,model.layers.0.self_attn.v_proj,0.0005988166085444391,0.0007932396983960643,0.005289092659950256
50,train,model.layers.0.self_attn.o_proj,0.0004976196796633303,0.000806624346296303,0.03172045946121216
50,train,model.layers.0.mlp.gate_proj,0.01648017344996333,0.0234036510810256,0.47860074043273926
50,train,model.layers.0.mlp.up_proj,0.009331926703453064,0.012289061909541488,0.21705132722854614
50,train,model.layers.0.mlp.down_proj,0.004582201945595443,0.006183713558129966,0.10647821426391602
50,train,model.layers.1.self_attn.q_proj,0.02490079728886485,0.03525802493095398,0.3915400505065918
50,train,model.layers.1.self_attn.k_proj,0.040318247862160206,0.06079803220927715,0.52825927734375
50,train,model.layers.1.self_attn.v_proj,0.007529138936661184,0.00966303376480937,0.04993698000907898
50,train,model.layers.1.self_attn.o_proj,0.002754252578597516,0.0036958379787392914,0.04580533504486084
50,train,model.layers.1.mlp.gate_proj,0.022596060764044523,0.02964083617553115,0.4501991271972656
50,train,model.layers.1.mlp.up_proj,0.015250202268362045,0.01948606316000223,0.1607864797115326
50,train,model.layers.1.mlp.down_proj,0.006853702827356756,0.008899972541257739,0.08455657958984375
50,train,model.layers.2.self_attn.q_proj,0.024803043343126774,0.03393510915338993,0.24684810638427734
50,train,model.layers.2.self_attn.k_proj,0.03712345380336046,0.04931598994880915,0.2508888244628906
50,train,model.layers.2.self_attn.v_proj,0.010125282919034362,0.013037648983299732,0.06880193948745728
50,train,model.layers.2.self_attn.o_proj,0.003058171132579446,0.004164459300227463,0.09629201889038086
50,train,model.layers.2.mlp.gate_proj,0.028201811481267214,0.0362603310495615,0.7109012603759766
50,train,model.layers.2.mlp.up_proj,0.019748991820961237,0.02567805303260684,1.6210784912109375
50,train,model.layers.2.mlp.down_proj,0.011515738675370812,0.06688884226605296,13.2001953125
50,train,model.layers.3.self_attn.q_proj,0.028152612503618002,0.040340838953852654,0.4122500419616699
50,train,model.layers.3.self_attn.k_proj,0.039281767792999744,0.05427113547921181,0.3155205249786377
50,train,model.layers.3.self_attn.v_proj,0.01944381883367896,0.025541252456605434,0.12159787118434906
50,train,model.layers.3.self_attn.o_proj,0.0025105913809966296,0.0036980596487410367,0.041562169790267944
50,train,model.layers.3.mlp.gate_proj,0.0334740630351007,0.043532938696444035,0.28973984718322754
50,train,model.layers.3.mlp.up_proj,0.025137188844382763,0.032785031013190746,0.3568892478942871
50,train,model.layers.3.mlp.down_proj,0.014526576967909932,0.0783127024769783,11.0135498046875
50,train,model.layers.4.self_attn.q_proj,0.03395288158208132,0.04685867205262184,0.34907495975494385
50,train,model.layers.4.self_attn.k_proj,0.04171928111463785,0.05634280387312174,0.3386859893798828
50,train,model.layers.4.self_attn.v_proj,0.032453836407512426,0.04333043657243252,0.25267040729522705
50,train,model.layers.4.self_attn.o_proj,0.004408530017826706,0.0064184877555817366,0.09524106979370117
50,train,model.layers.4.mlp.gate_proj,0.04096922464668751,0.05502094887197018,0.6713557243347168
50,train,model.layers.4.mlp.up_proj,0.031355917919427156,0.04127868823707104,0.29107099771499634
50,train,model.layers.4.mlp.down_proj,0.0170976675581187,0.023102874867618084,0.3769083023071289
50,train,model.layers.5.self_attn.q_proj,0.04177745245397091,0.059257207438349724,0.7451591491699219
50,train,model.layers.5.self_attn.k_proj,0.04942336957901716,0.06823174562305212,0.49538731575012207
50,train,model.layers.5.self_attn.v_proj,0.03838558401912451,0.05127303209155798,0.2843804359436035
50,train,model.layers.5.self_attn.o_proj,0.004399975819978863,0.006445578997954726,0.1586780548095703
50,train,model.layers.5.mlp.gate_proj,0.05752649623900652,0.0782752837985754,0.6471518278121948
50,train,model.layers.5.mlp.up_proj,0.03825485985726118,0.05074802879244089,0.3708723187446594
50,train,model.layers.5.mlp.down_proj,0.019821674097329378,0.026924292091280222,0.2243901491165161
50,train,model.layers.6.self_attn.q_proj,0.04209811333566904,0.06106829270720482,0.6769320964813232
50,train,model.layers.6.self_attn.k_proj,0.054814706556499004,0.076495043002069,0.5236473083496094
50,train,model.layers.6.self_attn.v_proj,0.03314442466944456,0.045410255901515484,0.30288535356521606
50,train,model.layers.6.self_attn.o_proj,0.004697252879850566,0.006959603982977569,0.12226676940917969
50,train,model.layers.6.mlp.gate_proj,0.0478324918076396,0.06483036559075117,0.7413119077682495
50,train,model.layers.6.mlp.up_proj,0.04038923513144255,0.05444619804620743,0.4702901840209961
50,train,model.layers.6.mlp.down_proj,0.02289777249097824,0.031588856130838394,0.2551465332508087
50,train,model.layers.7.self_attn.q_proj,0.048380681313574314,0.06803289148956537,0.5937928557395935
50,train,model.layers.7.self_attn.k_proj,0.060276285745203495,0.0840799305588007,0.6090937852859497
50,train,model.layers.7.self_attn.v_proj,0.04048250615596771,0.055637103505432606,0.4253777265548706
50,train,model.layers.7.self_attn.o_proj,0.004386100452393293,0.006397673161700368,0.15862128138542175
50,train,model.layers.7.mlp.gate_proj,0.050823381170630455,0.07030556444078684,0.766459584236145
50,train,model.layers.7.mlp.up_proj,0.046127171255648136,0.06370777357369661,0.6720805168151855
50,train,model.layers.7.mlp.down_proj,0.02803261298686266,0.0397460195235908,0.47843024134635925
50,train,model.layers.8.self_attn.q_proj,0.05684664938598871,0.10690544545650482,4.223609924316406
50,train,model.layers.8.self_attn.k_proj,0.07113753538578749,0.10561705939471722,1.04766845703125
50,train,model.layers.8.self_attn.v_proj,0.04384911432862282,0.062150100246071815,0.5926964282989502
50,train,model.layers.8.self_attn.o_proj,0.004964322375599295,0.008308297023177147,0.24100926518440247
50,train,model.layers.8.mlp.gate_proj,0.05313785653561354,0.07464949693530798,1.1190624237060547
50,train,model.layers.8.mlp.up_proj,0.047110660932958126,0.0653273481875658,0.7184977531433105
50,train,model.layers.8.mlp.down_proj,0.027763755526393652,0.040160185657441616,0.37757420539855957
50,train,model.layers.9.self_attn.q_proj,0.06516852602362633,0.09779538959264755,1.1803953647613525
50,train,model.layers.9.self_attn.k_proj,0.08673279732465744,0.13849695213139057,1.6698691844940186
50,train,model.layers.9.self_attn.v_proj,0.05724163819104433,0.07962192222476006,0.5795994997024536
50,train,model.layers.9.self_attn.o_proj,0.0033191328984685242,0.005238708341494203,0.120664581656456
50,train,model.layers.9.mlp.gate_proj,0.056627596728503704,0.08029797486960888,0.8861145973205566
50,train,model.layers.9.mlp.up_proj,0.052435558289289474,0.07379925064742565,0.9097468852996826
50,train,model.layers.9.mlp.down_proj,0.02853483147919178,0.041950756683945656,0.9290051460266113
50,train,model.layers.10.self_attn.q_proj,0.06154454592615366,0.0907746460288763,1.2256715297698975
50,train,model.layers.10.self_attn.k_proj,0.07084125932306051,0.10366803035140038,1.082034707069397
50,train,model.layers.10.self_attn.v_proj,0.07077601458877325,0.09832689352333546,0.8975518941879272
50,train,model.layers.10.self_attn.o_proj,0.005414236336946487,0.008304074057377875,0.2806333601474762
50,train,model.layers.10.mlp.gate_proj,0.05781169980764389,0.08296984247863293,1.122335433959961
50,train,model.layers.10.mlp.up_proj,0.05135046597570181,0.07214439939707518,0.9253215789794922
50,train,model.layers.10.mlp.down_proj,0.02678755484521389,0.03958338871598244,0.7771207094192505
50,train,model.layers.11.self_attn.q_proj,0.07396925706416368,0.1170157641172409,1.5242433547973633
50,train,model.layers.11.self_attn.k_proj,0.09742343239486217,0.16159680485725403,1.645944595336914
50,train,model.layers.11.self_attn.v_proj,0.06301791500300169,0.08908374607563019,0.873798131942749
50,train,model.layers.11.self_attn.o_proj,0.0030961334705352783,0.0050712606171146035,0.13389885425567627
50,train,model.layers.11.mlp.gate_proj,0.05730933602899313,0.08175990357995033,0.8841041922569275
50,train,model.layers.11.mlp.up_proj,0.05633333697915077,0.0799064515158534,1.2266805171966553
50,train,model.layers.11.mlp.down_proj,0.027477866038680077,0.040378422010689974,1.08261239528656
50,train,model.layers.12.self_attn.q_proj,0.07281636912375689,0.10936431586742401,1.4095430374145508
50,train,model.layers.12.self_attn.k_proj,0.07744382880628109,0.11323218047618866,0.8253052234649658
50,train,model.layers.12.self_attn.v_proj,0.07953360490500927,0.11453317292034626,0.7424440383911133
50,train,model.layers.12.self_attn.o_proj,0.005142646201420575,0.0077750717755407095,0.12392956018447876
50,train,model.layers.12.mlp.gate_proj,0.057763571850955486,0.08410834893584251,1.372024416923523
50,train,model.layers.12.mlp.up_proj,0.05679847486317158,0.08060203306376934,1.014851450920105
50,train,model.layers.12.mlp.down_proj,0.029641637578606606,0.04383071418851614,0.9203110337257385
50,train,model.layers.13.self_attn.q_proj,0.08590326923877001,0.1363996509462595,1.5428345203399658
50,train,model.layers.13.self_attn.k_proj,0.0940320398658514,0.14031299389898777,1.4147281646728516
50,train,model.layers.13.self_attn.v_proj,0.07726902514696121,0.11013527028262615,0.6365296840667725
50,train,model.layers.13.self_attn.o_proj,0.0038414187147282064,0.0059808664955198765,0.11743688583374023
50,train,model.layers.13.mlp.gate_proj,0.06168797053396702,0.09038713574409485,1.6587269306182861
50,train,model.layers.13.mlp.up_proj,0.06348798889666796,0.09144069999456406,1.266258955001831
50,train,model.layers.13.mlp.down_proj,0.033779208082705736,0.050068117678165436,0.8068602085113525
50,train,model.layers.14.self_attn.q_proj,0.08684851415455341,0.13248714059591293,1.8998022079467773
50,train,model.layers.14.self_attn.k_proj,0.08943964540958405,0.13563952967524529,1.6013929843902588
50,train,model.layers.14.self_attn.v_proj,0.08896251581609249,0.1258450150489807,1.1018743515014648
50,train,model.layers.14.self_attn.o_proj,0.006339826271869242,0.01059351908043027,0.37312114238739014
50,train,model.layers.14.mlp.gate_proj,0.062242076732218266,0.09115615114569664,1.3221981525421143
50,train,model.layers.14.mlp.up_proj,0.06142398901283741,0.08793385326862335,0.8993006348609924
50,train,model.layers.14.mlp.down_proj,0.03857084270566702,0.05866088066250086,0.7525813579559326
50,train,model.layers.15.self_attn.q_proj,0.08577789645642042,0.1289994977414608,1.6232390403747559
50,train,model.layers.15.self_attn.k_proj,0.0878695547580719,0.13225825317203999,1.178372859954834
50,train,model.layers.15.self_attn.v_proj,0.07200227864086628,0.10260595940053463,0.7969639301300049
50,train,model.layers.15.self_attn.o_proj,0.004435475799255073,0.007435436360538006,0.2540512979030609
50,train,model.layers.15.mlp.gate_proj,0.06483598984777927,0.09315304830670357,1.2856807708740234
50,train,model.layers.15.mlp.up_proj,0.06522062234580517,0.09321270883083344,1.5565766096115112
50,train,model.layers.15.mlp.down_proj,0.03859102074056864,0.05638119671493769,1.3622417449951172
50,train,model.layers.16.self_attn.q_proj,0.0859321253374219,0.1378848608583212,1.371321201324463
50,train,model.layers.16.self_attn.k_proj,0.09986069612205029,0.15262415073812008,1.3739852905273438
50,train,model.layers.16.self_attn.v_proj,0.057647411711513996,0.0802257414907217,0.6617119312286377
50,train,model.layers.16.self_attn.o_proj,0.0034108689869754016,0.006382791150826961,0.25302863121032715
50,train,model.layers.16.mlp.gate_proj,0.06985142827033997,0.09992497228085995,1.068013310432434
50,train,model.layers.16.mlp.up_proj,0.0635090870782733,0.09034575149416924,1.360211730003357
50,train,model.layers.16.mlp.down_proj,0.04250761494040489,0.061075787991285324,1.3959870338439941
50,train,model.layers.17.self_attn.q_proj,0.08576128724962473,0.12941168807446957,1.6605665683746338
50,train,model.layers.17.self_attn.k_proj,0.08420863840728998,0.12862524949014187,1.0769801139831543
50,train,model.layers.17.self_attn.v_proj,0.06989403814077377,0.09894323907792568,0.7278441190719604
50,train,model.layers.17.self_attn.o_proj,0.0049014201504178345,0.008102174033410847,0.15467679500579834
50,train,model.layers.17.mlp.gate_proj,0.08617965690791607,0.1244947575032711,2.0497255325317383
50,train,model.layers.17.mlp.up_proj,0.07321767695248127,0.10464349761605263,1.0146268606185913
50,train,model.layers.17.mlp.down_proj,0.05111295357346535,0.0757405711337924,1.5906641483306885
50,train,model.layers.18.self_attn.q_proj,0.07851443439722061,0.11644095182418823,1.4264261722564697
50,train,model.layers.18.self_attn.k_proj,0.08192643709480762,0.1183912642300129,0.9449615478515625
50,train,model.layers.18.self_attn.v_proj,0.07595150731503963,0.10677588172256947,0.7549782991409302
50,train,model.layers.18.self_attn.o_proj,0.005494042416103184,0.009515784680843353,0.17679882049560547
50,train,model.layers.18.mlp.gate_proj,0.07881773542612791,0.11325169913470745,1.4458813667297363
50,train,model.layers.18.mlp.up_proj,0.07259665336459875,0.1030778530985117,0.9643045663833618
50,train,model.layers.18.mlp.down_proj,0.05264375265687704,0.07773052714765072,0.7365865707397461
50,train,model.layers.19.self_attn.q_proj,0.07613669149577618,0.11588685400784016,1.2155684232711792
50,train,model.layers.19.self_attn.k_proj,0.08018771652132273,0.1150453332811594,1.0099987983703613
50,train,model.layers.19.self_attn.v_proj,0.08018525782972574,0.11314018815755844,0.9331023097038269
50,train,model.layers.19.self_attn.o_proj,0.006328032584860921,0.010812015738338232,0.17266474664211273
50,train,model.layers.19.mlp.gate_proj,0.0875618988648057,0.12681371718645096,1.7998046875
50,train,model.layers.19.mlp.up_proj,0.0834913095459342,0.11956615000963211,1.2052000761032104
50,train,model.layers.19.mlp.down_proj,0.06592194270342588,0.09686841629445553,1.25390625
50,train,model.layers.20.self_attn.q_proj,0.08234782423824072,0.12420007586479187,1.4369863271713257
50,train,model.layers.20.self_attn.k_proj,0.07970683462917805,0.11961465701460838,1.1548652648925781
50,train,model.layers.20.self_attn.v_proj,0.09082010295242071,0.12858283519744873,0.8877096176147461
50,train,model.layers.20.self_attn.o_proj,0.007848473847843707,0.011751143261790276,0.2702207565307617
50,train,model.layers.20.mlp.gate_proj,0.09021702688187361,0.1302281878888607,1.8076591491699219
50,train,model.layers.20.mlp.up_proj,0.08901278674602509,0.1273229829967022,1.3642746210098267
50,train,model.layers.20.mlp.down_proj,0.07805606070905924,0.11449586972594261,1.6451692581176758
50,train,model.layers.21.self_attn.q_proj,0.07237765192985535,0.10904708318412304,1.236269474029541
50,train,model.layers.21.self_attn.k_proj,0.06673310603946447,0.10220080055296421,1.0966070890426636
50,train,model.layers.21.self_attn.v_proj,0.16479473002254963,0.23839683458209038,2.0259132385253906
50,train,model.layers.21.self_attn.o_proj,0.009386960766278207,0.017613141564652324,0.6734702587127686
50,train,model.layers.21.mlp.gate_proj,0.08925983775407076,0.1284982692450285,4.789623260498047
50,train,model.layers.21.mlp.up_proj,0.089281159453094,0.12848280183970928,6.579044342041016
50,train,model.layers.21.mlp.down_proj,0.07537465076893568,0.1791769117116928,21.0054931640625
50,train,model.layers.22.self_attn.q_proj,0.08546809013932943,0.16124507039785385,4.468900680541992
50,train,model.layers.22.self_attn.k_proj,0.07583814579993486,0.14147949405014515,3.517233371734619
50,train,model.layers.22.self_attn.v_proj,0.11798792518675327,0.16357647068798542,1.3478069305419922
50,train,model.layers.22.self_attn.o_proj,0.016974604688584805,0.035484074149280787,3.674299478530884
50,train,model.layers.22.mlp.gate_proj,0.09386422857642174,0.16046969965100288,5.150789737701416
50,train,model.layers.22.mlp.up_proj,0.09908716566860676,0.1822123359888792,9.488580703735352
50,train,model.layers.22.mlp.down_proj,0.11384472250938416,0.23625428043305874,10.216463088989258
50,train,model.layers.23.self_attn.q_proj,0.08535967208445072,0.1681340765208006,5.381492614746094
50,train,model.layers.23.self_attn.k_proj,0.07961041666567326,0.15302658639848232,2.762983798980713
50,train,model.layers.23.self_attn.v_proj,0.12659847550094128,0.19773467257618904,2.937077522277832
50,train,model.layers.23.self_attn.o_proj,0.028721182607114315,0.0788603387773037,7.170806884765625
50,train,model.layers.23.mlp.gate_proj,0.1197064071893692,0.22757031209766865,9.381601333618164
50,train,model.layers.23.mlp.up_proj,0.1199206430464983,0.2372311893850565,10.319801330566406
50,train,model.layers.23.mlp.down_proj,0.1816504616290331,0.48843130096793175,26.49243927001953
50,train,lm_head,0.1861602272838354,0.23175936937332153,1.3592582941055298
50,eval,model.layers.0.self_attn.q_proj,0.0091570601798594,0.0165015896782279,0.2198333740234375
50,eval,model.layers.0.self_attn.k_proj,0.024845452047884464,0.05232879891991615,0.4435577392578125
50,eval,model.layers.0.self_attn.v_proj,0.0006011674704495817,0.0007962555391713977,0.005289092659950256
50,eval,model.layers.0.self_attn.o_proj,0.0003980856272391975,0.0006220429786480963,0.024320274591445923
50,eval,model.layers.0.mlp.gate_proj,0.015102087054401636,0.021587555296719074,0.5940842628479004
50,eval,model.layers.0.mlp.up_proj,0.008821943309158087,0.011484969407320023,0.18479037284851074
50,eval,model.layers.0.mlp.down_proj,0.004253999562934041,0.005697880871593952,0.09210014343261719
50,eval,model.layers.1.self_attn.q_proj,0.023281196132302284,0.03277875296771526,0.28078901767730713
50,eval,model.layers.1.self_attn.k_proj,0.03824544697999954,0.06029259227216244,0.5505218505859375
50,eval,model.layers.1.self_attn.v_proj,0.007016382180154324,0.008943537250161171,0.05184897780418396
50,eval,model.layers.1.self_attn.o_proj,0.002662331913597882,0.0036117861745879054,0.048884451389312744
50,eval,model.layers.1.mlp.gate_proj,0.021276083774864674,0.02775042410939932,0.4377589225769043
50,eval,model.layers.1.mlp.up_proj,0.014311208389699459,0.01813617255538702,0.1166350245475769
50,eval,model.layers.1.mlp.down_proj,0.006595838814973831,0.008455438073724508,0.10259890556335449
50,eval,model.layers.2.self_attn.q_proj,0.02370125986635685,0.0322917178273201,0.23121070861816406
50,eval,model.layers.2.self_attn.k_proj,0.03600853681564331,0.04795820824801922,0.3073081970214844
50,eval,model.layers.2.self_attn.v_proj,0.00971686327829957,0.012509871739894152,0.072156623005867
50,eval,model.layers.2.self_attn.o_proj,0.0030634048162028193,0.004138369346037507,0.07443401217460632
50,eval,model.layers.2.mlp.gate_proj,0.027270047925412655,0.03487434424459934,0.4638938903808594
50,eval,model.layers.2.mlp.up_proj,0.018883918412029743,0.024503040127456188,1.6210784912109375
50,eval,model.layers.2.mlp.down_proj,0.011944896075874567,0.08830960839986801,13.2001953125
50,eval,model.layers.3.self_attn.q_proj,0.026773059740662575,0.038277389481663704,0.33887672424316406
50,eval,model.layers.3.self_attn.k_proj,0.03663330525159836,0.05039704963564873,0.31573033332824707
50,eval,model.layers.3.self_attn.v_proj,0.01949088927358389,0.025423593819141388,0.11317087709903717
50,eval,model.layers.3.self_attn.o_proj,0.0023827346740290523,0.003463064320385456,0.032627612352371216
50,eval,model.layers.3.mlp.gate_proj,0.032020704820752144,0.041566524654626846,0.2507671117782593
50,eval,model.layers.3.mlp.up_proj,0.024110415019094944,0.03134116344153881,0.26868200302124023
50,eval,model.layers.3.mlp.down_proj,0.013756041415035725,0.07050269469618797,8.8004150390625
50,eval,model.layers.4.self_attn.q_proj,0.03165473882108927,0.04343516379594803,0.3019915819168091
50,eval,model.layers.4.self_attn.k_proj,0.038979388773441315,0.05224437639117241,0.23804092407226562
50,eval,model.layers.4.self_attn.v_proj,0.03038150817155838,0.0406827162951231,0.17914211750030518
50,eval,model.layers.4.self_attn.o_proj,0.0039221656043082476,0.005792086245492101,0.05912518501281738
50,eval,model.layers.4.mlp.gate_proj,0.03930414840579033,0.052842358127236366,0.5722026824951172
50,eval,model.layers.4.mlp.up_proj,0.029817399568855762,0.0392340999096632,0.24681717157363892
50,eval,model.layers.4.mlp.down_proj,0.016630076803267002,0.022394893690943718,0.3621177673339844
50,eval,model.layers.5.self_attn.q_proj,0.0401519350707531,0.057420676574110985,0.5750064849853516
50,eval,model.layers.5.self_attn.k_proj,0.04740007966756821,0.0667920671403408,0.3653242588043213
50,eval,model.layers.5.self_attn.v_proj,0.037440961226820946,0.05080236308276653,0.2138812094926834
50,eval,model.layers.5.self_attn.o_proj,0.0035666588228195906,0.00543707306496799,0.08584427833557129
50,eval,model.layers.5.mlp.gate_proj,0.056691937148571014,0.07735441252589226,0.5711326599121094
50,eval,model.layers.5.mlp.up_proj,0.03727263957262039,0.04969129525125027,0.32389208674430847
50,eval,model.layers.5.mlp.down_proj,0.019463920034468174,0.026835438795387745,0.22678422927856445
50,eval,model.layers.6.self_attn.q_proj,0.04073360189795494,0.05954347178339958,0.600217342376709
50,eval,model.layers.6.self_attn.k_proj,0.05469992384314537,0.07873833924531937,0.510848879814148
50,eval,model.layers.6.self_attn.v_proj,0.03260071203112602,0.04558992385864258,0.2684106230735779
50,eval,model.layers.6.self_attn.o_proj,0.003755063866265118,0.005484229419380426,0.12158817797899246
50,eval,model.layers.6.mlp.gate_proj,0.048764536157250404,0.06624476239085197,0.5108578205108643
50,eval,model.layers.6.mlp.up_proj,0.04017959535121918,0.054343206807971,0.390796422958374
50,eval,model.layers.6.mlp.down_proj,0.024747168645262718,0.03467366099357605,0.2294042408466339
50,eval,model.layers.7.self_attn.q_proj,0.04952225275337696,0.07080687955021858,0.753474235534668
50,eval,model.layers.7.self_attn.k_proj,0.06330671906471252,0.08906469494104385,0.42281317710876465
50,eval,model.layers.7.self_attn.v_proj,0.045424604788422585,0.06403167173266411,0.34419941902160645
50,eval,model.layers.7.self_attn.o_proj,0.004299395368434489,0.006309319986030459,0.09807205200195312
50,eval,model.layers.7.mlp.gate_proj,0.054479071870446205,0.07610538229346275,0.6197656393051147
50,eval,model.layers.7.mlp.up_proj,0.049463026225566864,0.06921017169952393,0.6062644720077515
50,eval,model.layers.7.mlp.down_proj,0.028833527117967606,0.04141436330974102,0.41183221340179443
50,eval,model.layers.8.self_attn.q_proj,0.05648188851773739,0.10043427720665932,3.777118682861328
50,eval,model.layers.8.self_attn.k_proj,0.07378815114498138,0.11099937558174133,1.069549560546875
50,eval,model.layers.8.self_attn.v_proj,0.04471312835812569,0.06433958187699318,0.4301046133041382
50,eval,model.layers.8.self_attn.o_proj,0.003946284763514996,0.006649388698861003,0.1459062695503235
50,eval,model.layers.8.mlp.gate_proj,0.0551193542778492,0.07860591262578964,0.8923996090888977
50,eval,model.layers.8.mlp.up_proj,0.048996567726135254,0.06917189806699753,0.7941592335700989
50,eval,model.layers.8.mlp.down_proj,0.02832546830177307,0.04213383048772812,0.5961669683456421
50,eval,model.layers.9.self_attn.q_proj,0.06501810252666473,0.10076309740543365,1.0193119049072266
50,eval,model.layers.9.self_attn.k_proj,0.08919638395309448,0.1421128436923027,0.9620678424835205
50,eval,model.layers.9.self_attn.v_proj,0.05875934287905693,0.0838046595454216,0.4894525408744812
50,eval,model.layers.9.self_attn.o_proj,0.0030249966075643897,0.004874327685683966,0.11636960506439209
50,eval,model.layers.9.mlp.gate_proj,0.056954389438033104,0.08220036327838898,0.8652181625366211
50,eval,model.layers.9.mlp.up_proj,0.053503260016441345,0.07711022347211838,0.8474328517913818
50,eval,model.layers.9.mlp.down_proj,0.02941922377794981,0.0439828485250473,0.5867986679077148
50,eval,model.layers.10.self_attn.q_proj,0.06294743344187737,0.09545521438121796,0.789264440536499
50,eval,model.layers.10.self_attn.k_proj,0.07405319437384605,0.1112794354557991,0.7406229376792908
50,eval,model.layers.10.self_attn.v_proj,0.07331006973981857,0.10578328371047974,0.5699480175971985
50,eval,model.layers.10.self_attn.o_proj,0.0042314070742577314,0.0067466022446751595,0.13689827919006348
50,eval,model.layers.10.mlp.gate_proj,0.058943478390574455,0.0865592435002327,0.96319979429245
50,eval,model.layers.10.mlp.up_proj,0.05291842110455036,0.07633844763040543,0.8967666625976562
50,eval,model.layers.10.mlp.down_proj,0.028610612265765667,0.043618788942694664,0.5679469108581543
50,eval,model.layers.11.self_attn.q_proj,0.08002546057105064,0.12646318599581718,1.0106239318847656
50,eval,model.layers.11.self_attn.k_proj,0.09763885289430618,0.15766438841819763,1.1776506900787354
50,eval,model.layers.11.self_attn.v_proj,0.06480387598276138,0.09272616356611252,0.4599239230155945
50,eval,model.layers.11.self_attn.o_proj,0.0028273717034608126,0.004594786092638969,0.09044623374938965
50,eval,model.layers.11.mlp.gate_proj,0.05931770242750645,0.08699705824255943,1.0025297403335571
50,eval,model.layers.11.mlp.up_proj,0.05811690166592598,0.08454467728734016,0.7781214714050293
50,eval,model.layers.11.mlp.down_proj,0.028644097037613392,0.043460724875330925,0.9512715339660645
50,eval,model.layers.12.self_attn.q_proj,0.07743946090340614,0.12073250859975815,1.2275726795196533
50,eval,model.layers.12.self_attn.k_proj,0.08848641067743301,0.13453425467014313,0.8004634380340576
50,eval,model.layers.12.self_attn.v_proj,0.08537564426660538,0.1255551241338253,0.8326045274734497
50,eval,model.layers.12.self_attn.o_proj,0.004032773547805846,0.0064699687063694,0.12320869415998459
50,eval,model.layers.12.mlp.gate_proj,0.06111122854053974,0.09180720895528793,1.1542954444885254
50,eval,model.layers.12.mlp.up_proj,0.059893544763326645,0.08783555775880814,0.8975036144256592
50,eval,model.layers.12.mlp.down_proj,0.031569160521030426,0.04816380515694618,0.4119400382041931
50,eval,model.layers.13.self_attn.q_proj,0.09180871769785881,0.14859874546527863,1.3536772727966309
50,eval,model.layers.13.self_attn.k_proj,0.09840578958392143,0.1516522839665413,1.0749036073684692
50,eval,model.layers.13.self_attn.v_proj,0.08386440575122833,0.12339277938008308,0.8782392144203186
50,eval,model.layers.13.self_attn.o_proj,0.00258438300807029,0.004278303124010563,0.06068623065948486
50,eval,model.layers.13.mlp.gate_proj,0.06485489942133427,0.09869007393717766,1.8111796379089355
50,eval,model.layers.13.mlp.up_proj,0.06730356812477112,0.10020311176776886,0.9096972942352295
50,eval,model.layers.13.mlp.down_proj,0.03651753067970276,0.056668201461434364,0.5686798095703125
50,eval,model.layers.14.self_attn.q_proj,0.09855872392654419,0.15927214920520782,1.572763442993164
50,eval,model.layers.14.self_attn.k_proj,0.09879689663648605,0.15394292771816254,0.9620106816291809
50,eval,model.layers.14.self_attn.v_proj,0.09560613334178925,0.1405697837471962,0.8281254768371582
50,eval,model.layers.14.self_attn.o_proj,0.004451457178220153,0.007965837139636278,0.15457940101623535
50,eval,model.layers.14.mlp.gate_proj,0.06783714890480042,0.10314730182290077,1.2522809505462646
50,eval,model.layers.14.mlp.up_proj,0.06711894646286964,0.10068795457482338,1.1089043617248535
50,eval,model.layers.14.mlp.down_proj,0.04565930552780628,0.0743180587887764,0.807194709777832
50,eval,model.layers.15.self_attn.q_proj,0.09280860051512718,0.14774487912654877,1.3321198225021362
50,eval,model.layers.15.self_attn.k_proj,0.09575623273849487,0.14864342659711838,1.13742995262146
50,eval,model.layers.15.self_attn.v_proj,0.07821555808186531,0.11547140777111053,0.6328795552253723
50,eval,model.layers.15.self_attn.o_proj,0.0034853117540478706,0.006067166570574045,0.09910368919372559
50,eval,model.layers.15.mlp.gate_proj,0.0712125264108181,0.10795832797884941,1.8657358884811401
50,eval,model.layers.15.mlp.up_proj,0.07078329846262932,0.10636220499873161,1.3628239631652832
50,eval,model.layers.15.mlp.down_proj,0.04187350906431675,0.06447314098477364,0.7291317582130432
50,eval,model.layers.16.self_attn.q_proj,0.09319204464554787,0.15937989205121994,2.4562950134277344
50,eval,model.layers.16.self_attn.k_proj,0.10399992018938065,0.1601107269525528,0.9749879837036133
50,eval,model.layers.16.self_attn.v_proj,0.06434877961874008,0.09273161366581917,0.48929381370544434
50,eval,model.layers.16.self_attn.o_proj,0.0024173310957849026,0.0040021531749516726,0.08266192674636841
50,eval,model.layers.16.mlp.gate_proj,0.07725934311747551,0.11678525805473328,1.6058058738708496
50,eval,model.layers.16.mlp.up_proj,0.07008833065629005,0.10464124009013176,1.1224980354309082
50,eval,model.layers.16.mlp.down_proj,0.046090349555015564,0.06970375031232834,1.225036382675171
50,eval,model.layers.17.self_attn.q_proj,0.09297608956694603,0.14868654310703278,1.6121139526367188
50,eval,model.layers.17.self_attn.k_proj,0.09518074616789818,0.15240084379911423,1.246659278869629
50,eval,model.layers.17.self_attn.v_proj,0.07670305669307709,0.11354171484708786,0.647935152053833
50,eval,model.layers.17.self_attn.o_proj,0.003411277779377997,0.005346537800505757,0.06937214732170105
50,eval,model.layers.17.mlp.gate_proj,0.09703964740037918,0.1478273943066597,1.7124512195587158
50,eval,model.layers.17.mlp.up_proj,0.08156009763479233,0.12303550913929939,0.9407846331596375
50,eval,model.layers.17.mlp.down_proj,0.057557238265872,0.08931498229503632,1.5999608039855957
50,eval,model.layers.18.self_attn.q_proj,0.084336306899786,0.13193076848983765,1.2689876556396484
50,eval,model.layers.18.self_attn.k_proj,0.08947860077023506,0.13593270629644394,0.8700352311134338
50,eval,model.layers.18.self_attn.v_proj,0.0822988823056221,0.12149279564619064,0.7348810434341431
50,eval,model.layers.18.self_attn.o_proj,0.004019917920231819,0.007018343545496464,0.19268278777599335
50,eval,model.layers.18.mlp.gate_proj,0.08715014904737473,0.13141033053398132,1.6039273738861084
50,eval,model.layers.18.mlp.up_proj,0.08082246407866478,0.12084401771426201,0.9650778770446777
50,eval,model.layers.18.mlp.down_proj,0.058360686525702477,0.09230723977088928,1.0776968002319336
50,eval,model.layers.19.self_attn.q_proj,0.08299575001001358,0.13324712961912155,1.31586754322052
50,eval,model.layers.19.self_attn.k_proj,0.08838667720556259,0.13339689373970032,0.7646990418434143
50,eval,model.layers.19.self_attn.v_proj,0.08641026169061661,0.12850714102387428,0.9030636548995972
50,eval,model.layers.19.self_attn.o_proj,0.004923071246594191,0.008179135387763381,0.09380291402339935
50,eval,model.layers.19.mlp.gate_proj,0.09693598374724388,0.1472238376736641,1.2993988990783691
50,eval,model.layers.19.mlp.up_proj,0.09136218205094337,0.13736560940742493,1.1889498233795166
50,eval,model.layers.19.mlp.down_proj,0.0717557743191719,0.11138477921485901,1.59259033203125
50,eval,model.layers.20.self_attn.q_proj,0.09204027056694031,0.1490660235285759,1.7083959579467773
50,eval,model.layers.20.self_attn.k_proj,0.08779297024011612,0.13816376775503159,1.0366843938827515
50,eval,model.layers.20.self_attn.v_proj,0.0991787426173687,0.14522326737642288,1.029618263244629
50,eval,model.layers.20.self_attn.o_proj,0.0075243625324219465,0.012095540761947632,0.19927465915679932
50,eval,model.layers.20.mlp.gate_proj,0.09901591390371323,0.15144699811935425,1.881929636001587
50,eval,model.layers.20.mlp.up_proj,0.09819769114255905,0.14796355366706848,1.553828239440918
50,eval,model.layers.20.mlp.down_proj,0.08588829264044762,0.13317155838012695,2.4741697311401367
50,eval,model.layers.21.self_attn.q_proj,0.07833930850028992,0.1246042363345623,1.032888412475586
50,eval,model.layers.21.self_attn.k_proj,0.07405334711074829,0.11558534577488899,0.8734598159790039
50,eval,model.layers.21.self_attn.v_proj,0.17838580906391144,0.25932633876800537,1.617769718170166
50,eval,model.layers.21.self_attn.o_proj,0.007118201348930597,0.013744821306318045,0.548914909362793
50,eval,model.layers.21.mlp.gate_proj,0.09927794337272644,0.1492455154657364,3.2833251953125
50,eval,model.layers.21.mlp.up_proj,0.09846089780330658,0.14781006425619125,4.147148132324219
50,eval,model.layers.21.mlp.down_proj,0.08720075711607933,0.1855648308992386,21.0054931640625
50,eval,model.layers.22.self_attn.q_proj,0.08474099263548851,0.13632645085453987,2.0907835960388184
50,eval,model.layers.22.self_attn.k_proj,0.0755084976553917,0.11951141431927681,1.3752994537353516
50,eval,model.layers.22.self_attn.v_proj,0.1186608374118805,0.15993709117174149,0.7797356247901917
50,eval,model.layers.22.self_attn.o_proj,0.021879916079342365,0.046383630484342575,2.0448760986328125
50,eval,model.layers.22.mlp.gate_proj,0.09789671003818512,0.1483592540025711,2.292149066925049
50,eval,model.layers.22.mlp.up_proj,0.1017758771777153,0.1592240259051323,4.127170562744141
50,eval,model.layers.22.mlp.down_proj,0.11585523933172226,0.1984931379556656,2.6010098457336426
50,eval,model.layers.23.self_attn.q_proj,0.08476190268993378,0.14164618030190468,2.184401273727417
50,eval,model.layers.23.self_attn.k_proj,0.07721405476331711,0.12756406888365746,1.6522822380065918
50,eval,model.layers.23.self_attn.v_proj,0.1294051706790924,0.18089326471090317,1.3269261121749878
50,eval,model.layers.23.self_attn.o_proj,0.026892615482211113,0.06567871198058128,5.822161674499512
50,eval,model.layers.23.mlp.gate_proj,0.12144522741436958,0.1954638957977295,4.229635238647461
50,eval,model.layers.23.mlp.up_proj,0.12035436183214188,0.19987796247005463,6.524789810180664
50,eval,model.layers.23.mlp.down_proj,0.21066661179065704,0.5456026047468185,26.49243927001953
50,eval,lm_head,0.1560433767735958,0.19679666310548782,1.3856134414672852
60,train,model.layers.0.self_attn.q_proj,0.008927566464990377,0.016254586167633533,0.23974609375
60,train,model.layers.0.self_attn.k_proj,0.024722609668970108,0.05191014148294926,0.444305419921875
60,train,model.layers.0.self_attn.v_proj,0.000599116669036448,0.0007934678869787604,0.005288749933242798
60,train,model.layers.0.self_attn.o_proj,0.0004975067131454125,0.0008063288551056758,0.03170773386955261
60,train,model.layers.0.mlp.gate_proj,0.0164763149805367,0.023396477103233337,0.4788081645965576
60,train,model.layers.0.mlp.up_proj,0.009330350672826171,0.012287077028304338,0.21701598167419434
60,train,model.layers.0.mlp.down_proj,0.004579256637953222,0.006177614908665419,0.10481119155883789
60,train,model.layers.1.self_attn.q_proj,0.024888103362172842,0.0352422846481204,0.3914308547973633
60,train,model.layers.1.self_attn.k_proj,0.040292554534971714,0.060769546777009964,0.5287933349609375
60,train,model.layers.1.self_attn.v_proj,0.007525688852183521,0.009658906841650605,0.04990886151790619
60,train,model.layers.1.self_attn.o_proj,0.002750608022324741,0.003690913552418351,0.0460759699344635
60,train,model.layers.1.mlp.gate_proj,0.02257982036098838,0.029616397339850664,0.45030641555786133
60,train,model.layers.1.mlp.up_proj,0.015242674387991428,0.01947573060169816,0.16023123264312744
60,train,model.layers.1.mlp.down_proj,0.006847998476587236,0.00889243627898395,0.08416914939880371
60,train,model.layers.2.self_attn.q_proj,0.024788447190076113,0.03391666803508997,0.24560976028442383
60,train,model.layers.2.self_attn.k_proj,0.03709240350872278,0.04927540570497513,0.2513465881347656
60,train,model.layers.2.self_attn.v_proj,0.010119968326762319,0.013033927185460925,0.06893354654312134
60,train,model.layers.2.self_attn.o_proj,0.003061181923840195,0.004174526780843735,0.10215312242507935
60,train,model.layers.2.mlp.gate_proj,0.028203837107867002,0.036264799535274506,0.711939811706543
60,train,model.layers.2.mlp.up_proj,0.019744455814361572,0.025676208548247814,1.6301727294921875
60,train,model.layers.2.mlp.down_proj,0.01154820853844285,0.06761311646550894,13.42156982421875
60,train,model.layers.3.self_attn.q_proj,0.0281517687253654,0.04033721424639225,0.41522216796875
60,train,model.layers.3.self_attn.k_proj,0.03930514771491289,0.05427787732332945,0.3177616596221924
60,train,model.layers.3.self_attn.v_proj,0.01944545144215226,0.025544365402311087,0.12160824239253998
60,train,model.layers.3.self_attn.o_proj,0.002514663792680949,0.003704798815306276,0.043146103620529175
60,train,model.layers.3.mlp.gate_proj,0.03347055707126856,0.04352591373026371,0.2811615467071533
60,train,model.layers.3.mlp.up_proj,0.02512890286743641,0.03277235338464379,0.353893518447876
60,train,model.layers.3.mlp.down_proj,0.01451515662483871,0.07832087203860283,11.01416015625
60,train,model.layers.4.self_attn.q_proj,0.03394265100359917,0.046848343685269356,0.34986889362335205
60,train,model.layers.4.self_attn.k_proj,0.0417053010314703,0.056323631666600704,0.33823204040527344
60,train,model.layers.4.self_attn.v_proj,0.032400738913565874,0.043258811347186565,0.252895712852478
60,train,model.layers.4.self_attn.o_proj,0.004386462213005871,0.006389030837453902,0.09488260746002197
60,train,model.layers.4.mlp.gate_proj,0.04090836737304926,0.0549292266368866,0.6693036556243896
60,train,model.layers.4.mlp.up_proj,0.03132292116060853,0.0412388127297163,0.2904161810874939
60,train,model.layers.4.mlp.down_proj,0.017066960455849767,0.023066967725753784,0.37874889373779297
60,train,model.layers.5.self_attn.q_proj,0.04161935579031706,0.059004136361181736,0.7466659545898438
60,train,model.layers.5.self_attn.k_proj,0.04923188779503107,0.06804508995264769,0.4988858699798584
60,train,model.layers.5.self_attn.v_proj,0.038324540480971336,0.05118501465767622,0.28363966941833496
60,train,model.layers.5.self_attn.o_proj,0.004384574363939464,0.006420466583222151,0.1536872386932373
60,train,model.layers.5.mlp.gate_proj,0.05738383438438177,0.07809238880872726,0.6515849232673645
60,train,model.layers.5.mlp.up_proj,0.0381893552839756,0.05066751874983311,0.3701600134372711
60,train,model.layers.5.mlp.down_proj,0.01979566691443324,0.026893152855336666,0.22160470485687256
60,train,model.layers.6.self_attn.q_proj,0.041958500631153584,0.06088485661894083,0.6740632057189941
60,train,model.layers.6.self_attn.k_proj,0.05467594042420387,0.07640427444130182,0.5259487628936768
60,train,model.layers.6.self_attn.v_proj,0.033123542089015245,0.04536016937345266,0.30163222551345825
60,train,model.layers.6.self_attn.o_proj,0.004664029402192682,0.00690464349463582,0.12091758847236633
60,train,model.layers.6.mlp.gate_proj,0.04772862046957016,0.06471366435289383,0.7397016286849976
60,train,model.layers.6.mlp.up_proj,0.040331571362912655,0.05438769608736038,0.46938014030456543
60,train,model.layers.6.mlp.down_proj,0.022847741842269897,0.03153358167037368,0.25553637742996216
60,train,model.layers.7.self_attn.q_proj,0.04824896901845932,0.06789570488035679,0.5956180095672607
60,train,model.layers.7.self_attn.k_proj,0.06014684587717056,0.0838835071772337,0.6081438064575195
60,train,model.layers.7.self_attn.v_proj,0.04037445969879627,0.05552408564835787,0.4255239963531494
60,train,model.layers.7.self_attn.o_proj,0.004345529829151928,0.006349234143272042,0.16045832633972168
60,train,model.layers.7.mlp.gate_proj,0.05067415535449982,0.07015344221144915,0.7646081447601318
60,train,model.layers.7.mlp.up_proj,0.046034425497055054,0.06362068373709917,0.6764202117919922
60,train,model.layers.7.mlp.down_proj,0.02797673735767603,0.03971053287386894,0.4799136519432068
60,train,model.layers.8.self_attn.q_proj,0.056874693371355534,0.10799128375947475,4.202760696411133
60,train,model.layers.8.self_attn.k_proj,0.07105561252683401,0.10552248358726501,1.049896240234375
60,train,model.layers.8.self_attn.v_proj,0.04377117287367582,0.06207117531448603,0.5949321389198303
60,train,model.layers.8.self_attn.o_proj,0.004937228513881564,0.00826996483374387,0.23991140723228455
60,train,model.layers.8.mlp.gate_proj,0.0530191445723176,0.07453064899891615,1.117623209953308
60,train,model.layers.8.mlp.up_proj,0.047002327628433704,0.06523775681853294,0.721002995967865
60,train,model.layers.8.mlp.down_proj,0.02769781230017543,0.04011193057522178,0.377996563911438
60,train,model.layers.9.self_attn.q_proj,0.06501358095556498,0.0976351909339428,1.1817079782485962
60,train,model.layers.9.self_attn.k_proj,0.08654088899493217,0.13823306187987328,1.67806875705719
60,train,model.layers.9.self_attn.v_proj,0.05708932504057884,0.07953742146492004,0.5803498029708862
60,train,model.layers.9.self_attn.o_proj,0.003272080735769123,0.005141352070495486,0.10904153436422348
60,train,model.layers.9.mlp.gate_proj,0.05640439782291651,0.08007892407476902,0.8958837985992432
60,train,model.layers.9.mlp.up_proj,0.052237119525671005,0.07362433336675167,0.9185678958892822
60,train,model.layers.9.mlp.down_proj,0.028419113252311945,0.041851550340652466,0.9297666549682617
60,train,model.layers.10.self_attn.q_proj,0.06124312989413738,0.09045129828155041,1.2273321151733398
60,train,model.layers.10.self_attn.k_proj,0.070465256460011,0.10328344628214836,1.0860915184020996
60,train,model.layers.10.self_attn.v_proj,0.07040446065366268,0.09801260195672512,0.8994932174682617
60,train,model.layers.10.self_attn.o_proj,0.005344895645976067,0.008198714931495488,0.31674399971961975
60,train,model.layers.10.mlp.gate_proj,0.05750729888677597,0.08269536402076483,1.1280732154846191
60,train,model.layers.10.mlp.up_proj,0.051075332798063755,0.07189648039638996,0.9280276298522949
60,train,model.layers.10.mlp.down_proj,0.026698865462094545,0.03951251693069935,0.7778204679489136
60,train,model.layers.11.self_attn.q_proj,0.07386031839996576,0.11694564670324326,1.532613754272461
60,train,model.layers.11.self_attn.k_proj,0.09731391072273254,0.1615393366664648,1.6394472122192383
60,train,model.layers.11.self_attn.v_proj,0.06267637852579355,0.08875920996069908,0.8723667860031128
60,train,model.layers.11.self_attn.o_proj,0.0030675477464683354,0.005032323184423149,0.13488411903381348
60,train,model.layers.11.mlp.gate_proj,0.057007831521332264,0.08149260189384222,0.8869295120239258
60,train,model.layers.11.mlp.up_proj,0.05606554914265871,0.0796732334420085,1.225832462310791
60,train,model.layers.11.mlp.down_proj,0.02735229069367051,0.040259188041090965,1.0846614837646484
60,train,model.layers.12.self_attn.q_proj,0.07241927925497293,0.10896621271967888,1.4164316654205322
60,train,model.layers.12.self_attn.k_proj,0.07700103987008333,0.11280281655490398,0.8196080923080444
60,train,model.layers.12.self_attn.v_proj,0.07911400776356459,0.11416218057274818,0.7443721890449524
60,train,model.layers.12.self_attn.o_proj,0.005038384348154068,0.0076061098370701075,0.10347473621368408
60,train,model.layers.12.mlp.gate_proj,0.05739480443298817,0.0837592389434576,1.3698076009750366
60,train,model.layers.12.mlp.up_proj,0.05645449459552765,0.08029289729893208,1.0082793235778809
60,train,model.layers.12.mlp.down_proj,0.029463309329003096,0.043670957908034325,0.9231249094009399
60,train,model.layers.13.self_attn.q_proj,0.08546522911638021,0.13603197038173676,1.560543417930603
60,train,model.layers.13.self_attn.k_proj,0.09344507195055485,0.13971523381769657,1.4151864051818848
60,train,model.layers.13.self_attn.v_proj,0.0767320841550827,0.1095870640128851,0.638347864151001
60,train,model.layers.13.self_attn.o_proj,0.0037500901089515537,0.005825528816785663,0.11308956146240234
60,train,model.layers.13.mlp.gate_proj,0.06125815864652395,0.09000167436897755,1.6787304878234863
60,train,model.layers.13.mlp.up_proj,0.06306622549891472,0.09108882956206799,1.268383264541626
60,train,model.layers.13.mlp.down_proj,0.03357601771131158,0.049882776103913784,0.806812047958374
60,train,model.layers.14.self_attn.q_proj,0.08619502373039722,0.13192319683730602,1.917806625366211
60,train,model.layers.14.self_attn.k_proj,0.08891195245087147,0.13514133542776108,1.5968751907348633
60,train,model.layers.14.self_attn.v_proj,0.08832580782473087,0.12528247199952602,1.099611759185791
60,train,model.layers.14.self_attn.o_proj,0.00622463395120576,0.010375085403211415,0.3766213655471802
60,train,model.layers.14.mlp.gate_proj,0.061694744043052197,0.0907120518386364,1.323565125465393
60,train,model.layers.14.mlp.up_proj,0.06092316936701536,0.08755334839224815,0.900752067565918
60,train,model.layers.14.mlp.down_proj,0.03826875751838088,0.058384823612868786,0.7442677021026611
60,train,model.layers.15.self_attn.q_proj,0.08515368215739727,0.12844691053032875,1.634568214416504
60,train,model.layers.15.self_attn.k_proj,0.0873236358165741,0.13175830617547035,1.1851162910461426
60,train,model.layers.15.self_attn.v_proj,0.07151020132005215,0.10218877531588078,0.7934984564781189
60,train,model.layers.15.self_attn.o_proj,0.0043274821364320815,0.007218629936687648,0.23558473587036133
60,train,model.layers.15.mlp.gate_proj,0.06423225998878479,0.09262940660119057,1.2865886688232422
60,train,model.layers.15.mlp.up_proj,0.06462127715349197,0.09273742325603962,1.5546138286590576
60,train,model.layers.15.mlp.down_proj,0.038251216057688,0.05610421113669872,1.3470600843429565
60,train,model.layers.16.self_attn.q_proj,0.08544221241027117,0.1374897789210081,1.366819977760315
60,train,model.layers.16.self_attn.k_proj,0.09900767914950848,0.15178870595991611,1.384134292602539
60,train,model.layers.16.self_attn.v_proj,0.057392715476453304,0.08000729512423277,0.6650793552398682
60,train,model.layers.16.self_attn.o_proj,0.0034333353396505117,0.006432818889152259,0.26043450832366943
60,train,model.layers.16.mlp.gate_proj,0.06915874406695366,0.09935070388019085,1.0765972137451172
60,train,model.layers.16.mlp.up_proj,0.06291072629392147,0.08986558578908443,1.360802412033081
60,train,model.layers.16.mlp.down_proj,0.042139969766139984,0.06077807117253542,1.4006195068359375
60,train,model.layers.17.self_attn.q_proj,0.08485775534063578,0.1285504661500454,1.6619856357574463
60,train,model.layers.17.self_attn.k_proj,0.08369862101972103,0.12820698134601116,1.081315517425537
60,train,model.layers.17.self_attn.v_proj,0.06963042728602886,0.09873696602880955,0.727896511554718
60,train,model.layers.17.self_attn.o_proj,0.004787519050296396,0.00790964940097183,0.16599905490875244
60,train,model.layers.17.mlp.gate_proj,0.0854296088218689,0.12394098751246929,2.04048752784729
60,train,model.layers.17.mlp.up_proj,0.07256005238741636,0.10415146127343178,1.0222609043121338
60,train,model.layers.17.mlp.down_proj,0.05070820450782776,0.07541158050298691,1.601872444152832
60,train,model.layers.18.self_attn.q_proj,0.0776433665305376,0.11558866128325462,1.4311718940734863
60,train,model.layers.18.self_attn.k_proj,0.08131106570363045,0.11786006763577461,0.9420795440673828
60,train,model.layers.18.self_attn.v_proj,0.07552365306764841,0.10637029819190502,0.7540526390075684
60,train,model.layers.18.self_attn.o_proj,0.005387525947298855,0.009278210927732289,0.16697335243225098
60,train,model.layers.18.mlp.gate_proj,0.07801899779587984,0.11258216761052608,1.4596056938171387
60,train,model.layers.18.mlp.up_proj,0.07189087010920048,0.1025017648935318,0.9704229235649109
60,train,model.layers.18.mlp.down_proj,0.05217629577964544,0.07732902187854052,0.7242321968078613
60,train,model.layers.19.self_attn.q_proj,0.07528215926140547,0.11493115872144699,1.2187749147415161
60,train,model.layers.19.self_attn.k_proj,0.07933703996241093,0.1140997838228941,1.0032259225845337
60,train,model.layers.19.self_attn.v_proj,0.0792643679305911,0.11230845935642719,0.9356287121772766
60,train,model.layers.19.self_attn.o_proj,0.006152734276838601,0.010459206998348236,0.17382346093654633
60,train,model.layers.19.mlp.gate_proj,0.0867092190310359,0.12611939199268818,1.7925186157226562
60,train,model.layers.19.mlp.up_proj,0.08267604187130928,0.11889198422431946,1.2140872478485107
60,train,model.layers.19.mlp.down_proj,0.06534195877611637,0.09638654068112373,1.2653820514678955
60,train,model.layers.20.self_attn.q_proj,0.08159391116350889,0.12345821596682072,1.4377539157867432
60,train,model.layers.20.self_attn.k_proj,0.07915655709803104,0.11884009279310703,1.145808219909668
60,train,model.layers.20.self_attn.v_proj,0.0904088243842125,0.12825095281004906,0.8976855278015137
60,train,model.layers.20.self_attn.o_proj,0.0076838749228045344,0.01149154594168067,0.2506883144378662
60,train,model.layers.20.mlp.gate_proj,0.0892474502325058,0.1294360887259245,1.8327393531799316
60,train,model.layers.20.mlp.up_proj,0.08814158476889133,0.12663335353136063,1.3642427921295166
60,train,model.layers.20.mlp.down_proj,0.07723662722855806,0.11382158659398556,1.6670207977294922
60,train,model.layers.21.self_attn.q_proj,0.07165845017880201,0.10818719677627087,1.2382283210754395
60,train,model.layers.21.self_attn.k_proj,0.06630109995603561,0.10172930173575878,1.093871831893921
60,train,model.layers.21.self_attn.v_proj,0.16386634670197964,0.23752163350582123,2.0145368576049805
60,train,model.layers.21.self_attn.o_proj,0.009256142773665488,0.017185053788125515,0.6868993639945984
60,train,model.layers.21.mlp.gate_proj,0.08832392562180758,0.1277522575110197,4.771934509277344
60,train,model.layers.21.mlp.up_proj,0.08838437404483557,0.12776998057961464,6.5201873779296875
60,train,model.layers.21.mlp.down_proj,0.07468069437891245,0.18036489933729172,21.2596435546875
60,train,model.layers.22.self_attn.q_proj,0.08465385809540749,0.16051171906292439,4.464785099029541
60,train,model.layers.22.self_attn.k_proj,0.0754873976111412,0.1409568302333355,3.514268398284912
60,train,model.layers.22.self_attn.v_proj,0.11754633858799934,0.1633455529808998,1.35542631149292
60,train,model.layers.22.self_attn.o_proj,0.016721337102353573,0.03520410740748048,3.668574333190918
60,train,model.layers.22.mlp.gate_proj,0.09284847974777222,0.15976156666874886,5.1241936683654785
60,train,model.layers.22.mlp.up_proj,0.09808422066271305,0.18154828064143658,9.491485595703125
60,train,model.layers.22.mlp.down_proj,0.11292367428541183,0.2356266137212515,10.196578979492188
60,train,model.layers.23.self_attn.q_proj,0.08442661445587873,0.16735087893903255,5.384910583496094
60,train,model.layers.23.self_attn.k_proj,0.07907487265765667,0.15231544338166714,2.7565417289733887
60,train,model.layers.23.self_attn.v_proj,0.12583632953464985,0.1970692053437233,2.9333176612854004
60,train,model.layers.23.self_attn.o_proj,0.028108624275773764,0.07814805395901203,7.183718204498291
60,train,model.layers.23.mlp.gate_proj,0.11846274882555008,0.2267892137169838,9.381515502929688
60,train,model.layers.23.mlp.up_proj,0.11876020766794682,0.23650908283889294,10.326412200927734
60,train,model.layers.23.mlp.down_proj,0.1803626734763384,0.48721158504486084,26.599761962890625
60,train,lm_head,0.16912891529500484,0.2103132326155901,1.327389121055603
60,eval,model.layers.0.self_attn.q_proj,0.009157093707472086,0.016501487232744694,0.21982574462890625
60,eval,model.layers.0.self_attn.k_proj,0.02484519314020872,0.05232868157327175,0.44354248046875
60,eval,model.layers.0.self_attn.v_proj,0.0006014445098116994,0.0007964175019878894,0.005288749933242798
60,eval,model.layers.0.self_attn.o_proj,0.0003979933389928192,0.0006217975751496851,0.024315357208251953
60,eval,model.layers.0.mlp.gate_proj,0.015098768752068281,0.021582582965493202,0.5942025184631348
60,eval,model.layers.0.mlp.up_proj,0.008820797316730022,0.011483499314635992,0.18518060445785522
60,eval,model.layers.0.mlp.down_proj,0.004252187209203839,0.005694407736882567,0.09102928638458252
60,eval,model.layers.1.self_attn.q_proj,0.02328281570225954,0.03278369549661875,0.28129303455352783
60,eval,model.layers.1.self_attn.k_proj,0.03824994899332523,0.06031215749680996,0.550689697265625
60,eval,model.layers.1.self_attn.v_proj,0.007015845039859414,0.00894439872354269,0.051914602518081665
60,eval,model.layers.1.self_attn.o_proj,0.0026625206228345633,0.003613187000155449,0.049061119556427
60,eval,model.layers.1.mlp.gate_proj,0.021273409016430378,0.02774674352258444,0.4354536533355713
60,eval,model.layers.1.mlp.up_proj,0.014310957863926888,0.018137049861252308,0.11687883734703064
60,eval,model.layers.1.mlp.down_proj,0.006597173633053899,0.00845807557925582,0.1032261848449707
60,eval,model.layers.2.self_attn.q_proj,0.023712883703410625,0.0323109719902277,0.23173856735229492
60,eval,model.layers.2.self_attn.k_proj,0.036003269255161285,0.04795747809112072,0.30779266357421875
60,eval,model.layers.2.self_attn.v_proj,0.009720545262098312,0.012514893896877766,0.07215607166290283
60,eval,model.layers.2.self_attn.o_proj,0.0030634173890575767,0.004140270873904228,0.07518607378005981
60,eval,model.layers.2.mlp.gate_proj,0.027270110324025154,0.03487633727490902,0.4658355712890625
60,eval,model.layers.2.mlp.up_proj,0.018885625526309013,0.024509661830961704,1.6301727294921875
60,eval,model.layers.2.mlp.down_proj,0.011994197964668274,0.08980109915137291,13.42156982421875
60,eval,model.layers.3.self_attn.q_proj,0.026771129108965397,0.038277674466371536,0.3385124206542969
60,eval,model.layers.3.self_attn.k_proj,0.036630257964134216,0.050407376140356064,0.3153831958770752
60,eval,model.layers.3.self_attn.v_proj,0.019488312304019928,0.025423376820981503,0.11331985890865326
60,eval,model.layers.3.self_attn.o_proj,0.002385447034612298,0.003466043621301651,0.03273904323577881
60,eval,model.layers.3.mlp.gate_proj,0.032022951170802116,0.04157164879143238,0.2537243366241455
60,eval,model.layers.3.mlp.up_proj,0.024111014790832996,0.03134359233081341,0.26901912689208984
60,eval,model.layers.3.mlp.down_proj,0.013756442349404097,0.07045358419418335,8.8175048828125
60,eval,model.layers.4.self_attn.q_proj,0.03166385646909475,0.04344612546265125,0.30094897747039795
60,eval,model.layers.4.self_attn.k_proj,0.03898857161402702,0.05224704369902611,0.23833084106445312
60,eval,model.layers.4.self_attn.v_proj,0.03037135861814022,0.0406745970249176,0.1793208122253418
60,eval,model.layers.4.self_attn.o_proj,0.003923518001101911,0.00579325039871037,0.059050559997558594
60,eval,model.layers.4.mlp.gate_proj,0.039316585287451744,0.052859410643577576,0.5730980038642883
60,eval,model.layers.4.mlp.up_proj,0.029820820316672325,0.03923932835459709,0.24644970893859863
60,eval,model.layers.4.mlp.down_proj,0.016637462191283703,0.02240646630525589,0.36106443405151367
60,eval,model.layers.5.self_attn.q_proj,0.04015128128230572,0.0574267003685236,0.5748872756958008
60,eval,model.layers.5.self_attn.k_proj,0.047426408156752586,0.06681134179234505,0.36524540185928345
60,eval,model.layers.5.self_attn.v_proj,0.03743690066039562,0.050799109041690826,0.2132667452096939
60,eval,model.layers.5.self_attn.o_proj,0.0035659727873280644,0.005434656050056219,0.0861433744430542
60,eval,model.layers.5.mlp.gate_proj,0.056681012734770775,0.0773429200053215,0.5722918510437012
60,eval,model.layers.5.mlp.up_proj,0.03727286122739315,0.04969448409974575,0.32150495052337646
60,eval,model.layers.5.mlp.down_proj,0.019463246688246727,0.026834757067263126,0.22598671913146973
60,eval,model.layers.6.self_attn.q_proj,0.04075341857969761,0.05958033911883831,0.6010279655456543
60,eval,model.layers.6.self_attn.k_proj,0.05468502640724182,0.0787486843764782,0.5127385854721069
60,eval,model.layers.6.self_attn.v_proj,0.032591650262475014,0.04557676054537296,0.26969170570373535
60,eval,model.layers.6.self_attn.o_proj,0.003754588309675455,0.0054824629332870245,0.12134810537099838
60,eval,model.layers.6.mlp.gate_proj,0.04875398799777031,0.0662369430065155,0.5069804191589355
60,eval,model.layers.6.mlp.up_proj,0.0401751846075058,0.05434025451540947,0.3916056156158447
60,eval,model.layers.6.mlp.down_proj,0.024736834689974785,0.034661198034882545,0.23002919554710388
60,eval,model.layers.7.self_attn.q_proj,0.04951603524386883,0.07080472633242607,0.7564916610717773
60,eval,model.layers.7.self_attn.k_proj,0.06332920491695404,0.08913840726017952,0.4243021011352539
60,eval,model.layers.7.self_attn.v_proj,0.045418620109558105,0.06403334811329842,0.34419751167297363
60,eval,model.layers.7.self_attn.o_proj,0.004292330588214099,0.006300056120380759,0.09786534309387207
60,eval,model.layers.7.mlp.gate_proj,0.05445883423089981,0.07609167695045471,0.6220265626907349
60,eval,model.layers.7.mlp.up_proj,0.049447983503341675,0.06920434534549713,0.6018639206886292
60,eval,model.layers.7.mlp.down_proj,0.028823845088481903,0.041407510638237,0.413240909576416
60,eval,model.layers.8.self_attn.q_proj,0.056454192847013474,0.10044636949896812,3.772977828979492
60,eval,model.layers.8.self_attn.k_proj,0.07374950125813484,0.11098672077059746,1.071441650390625
60,eval,model.layers.8.self_attn.v_proj,0.04469962231814861,0.0643228106200695,0.4304656386375427
60,eval,model.layers.8.self_attn.o_proj,0.003941498580388725,0.0066423071548342705,0.14621049165725708
60,eval,model.layers.8.mlp.gate_proj,0.05509636364877224,0.07858307287096977,0.8928588628768921
60,eval,model.layers.8.mlp.up_proj,0.048976264894008636,0.06915461272001266,0.7922956943511963
60,eval,model.layers.8.mlp.down_proj,0.028315735049545765,0.0421224981546402,0.5923475027084351
60,eval,model.layers.9.self_attn.q_proj,0.06498407572507858,0.10072465240955353,1.01458740234375
60,eval,model.layers.9.self_attn.k_proj,0.08916205540299416,0.14205202460289001,0.9638919830322266
60,eval,model.layers.9.self_attn.v_proj,0.05874307081103325,0.0838048979640007,0.48694857954978943
60,eval,model.layers.9.self_attn.o_proj,0.0030247234972193837,0.004869075957685709,0.11524021625518799
60,eval,model.layers.9.mlp.gate_proj,0.05692831426858902,0.08217393234372139,0.8673453330993652
60,eval,model.layers.9.mlp.up_proj,0.05347968637943268,0.07708907872438431,0.8530282974243164
60,eval,model.layers.9.mlp.down_proj,0.029412942938506603,0.04398248717188835,0.586273193359375
60,eval,model.layers.10.self_attn.q_proj,0.06291071698069572,0.09542375430464745,0.7903858423233032
60,eval,model.layers.10.self_attn.k_proj,0.07401474937796593,0.11123649030923843,0.7393825650215149
60,eval,model.layers.10.self_attn.v_proj,0.07330583035945892,0.10581010580062866,0.5749462842941284
60,eval,model.layers.10.self_attn.o_proj,0.004221413051709533,0.006723918253555894,0.13790369033813477
60,eval,model.layers.10.mlp.gate_proj,0.05891256406903267,0.08653708174824715,0.9593403935432434
60,eval,model.layers.10.mlp.up_proj,0.05289813317358494,0.07632555440068245,0.8918757438659668
60,eval,model.layers.10.mlp.down_proj,0.028598750941455364,0.043609270825982094,0.5667893886566162
60,eval,model.layers.11.self_attn.q_proj,0.07996821030974388,0.1263882927596569,1.005661964416504
60,eval,model.layers.11.self_attn.k_proj,0.09761635959148407,0.15768494457006454,1.1758339405059814
60,eval,model.layers.11.self_attn.v_proj,0.06478933990001678,0.09272858873009682,0.4598604440689087
60,eval,model.layers.11.self_attn.o_proj,0.0028155181789770722,0.004569466458633542,0.08861637115478516
60,eval,model.layers.11.mlp.gate_proj,0.0592777319252491,0.08696434646844864,1.0028231143951416
60,eval,model.layers.11.mlp.up_proj,0.058082493022084236,0.08452145010232925,0.7801649570465088
60,eval,model.layers.11.mlp.down_proj,0.02863640245050192,0.04345685616135597,0.951653003692627
60,eval,model.layers.12.self_attn.q_proj,0.07736900448799133,0.12067941948771477,1.2263939380645752
60,eval,model.layers.12.self_attn.k_proj,0.08853709697723389,0.13461429625749588,0.8046517372131348
60,eval,model.layers.12.self_attn.v_proj,0.0853756032884121,0.12558278441429138,0.8329958319664001
60,eval,model.layers.12.self_attn.o_proj,0.0040294245118275285,0.006457147421315312,0.12102732062339783
60,eval,model.layers.12.mlp.gate_proj,0.061089590191841125,0.09180010110139847,1.1541495323181152
60,eval,model.layers.12.mlp.up_proj,0.05987028777599335,0.08782623335719109,0.8928341269493103
60,eval,model.layers.12.mlp.down_proj,0.03155947104096413,0.048166995868086815,0.41433316469192505
60,eval,model.layers.13.self_attn.q_proj,0.09179610386490822,0.14862217009067535,1.3510806560516357
60,eval,model.layers.13.self_attn.k_proj,0.09835735708475113,0.1515582799911499,1.0781028270721436
60,eval,model.layers.13.self_attn.v_proj,0.08386022970080376,0.12344033271074295,0.8803578615188599
60,eval,model.layers.13.self_attn.o_proj,0.0025795577093958855,0.004267188953235745,0.05983150005340576
60,eval,model.layers.13.mlp.gate_proj,0.06483148410916328,0.0986715592443943,1.8101942539215088
60,eval,model.layers.13.mlp.up_proj,0.06728333979845047,0.10019972920417786,0.9052834510803223
60,eval,model.layers.13.mlp.down_proj,0.03652608580887318,0.056700289249420166,0.5721921920776367
60,eval,model.layers.14.self_attn.q_proj,0.09859408810734749,0.15939317643642426,1.5783967971801758
60,eval,model.layers.14.self_attn.k_proj,0.09877738356590271,0.15398895740509033,0.9623266458511353
60,eval,model.layers.14.self_attn.v_proj,0.09558583796024323,0.14053913205862045,0.833832859992981
60,eval,model.layers.14.self_attn.o_proj,0.004455624963156879,0.0079694758169353,0.15576529502868652
60,eval,model.layers.14.mlp.gate_proj,0.0678381621837616,0.10316765308380127,1.2557826042175293
60,eval,model.layers.14.mlp.up_proj,0.06711756810545921,0.10070845484733582,1.109001636505127
60,eval,model.layers.14.mlp.down_proj,0.045722074806690216,0.07446663454174995,0.8086957931518555
60,eval,model.layers.15.self_attn.q_proj,0.09282667189836502,0.1478356346487999,1.334838628768921
60,eval,model.layers.15.self_attn.k_proj,0.0958159752190113,0.14878853410482407,1.1374540328979492
60,eval,model.layers.15.self_attn.v_proj,0.078219685703516,0.11552314460277557,0.633600652217865
60,eval,model.layers.15.self_attn.o_proj,0.0034831202356144786,0.006065506022423506,0.09933924674987793
60,eval,model.layers.15.mlp.gate_proj,0.07125616818666458,0.10805729404091835,1.864047646522522
60,eval,model.layers.15.mlp.up_proj,0.07081413641571999,0.1064324863255024,1.3586821556091309
60,eval,model.layers.15.mlp.down_proj,0.041910743340849876,0.06454903818666935,0.7305344343185425
60,eval,model.layers.16.self_attn.q_proj,0.09322890266776085,0.15950431674718857,2.4620132446289062
60,eval,model.layers.16.self_attn.k_proj,0.10404801741242409,0.16027630120515823,0.9761332273483276
60,eval,model.layers.16.self_attn.v_proj,0.06439170055091381,0.0928356721997261,0.488128662109375
60,eval,model.layers.16.self_attn.o_proj,0.0024101102026179433,0.003986857947893441,0.08197423815727234
60,eval,model.layers.16.mlp.gate_proj,0.07729905098676682,0.11687281355261803,1.6122055053710938
60,eval,model.layers.16.mlp.up_proj,0.0701238140463829,0.10471566766500473,1.1215825080871582
60,eval,model.layers.16.mlp.down_proj,0.04609863832592964,0.06972760707139969,1.2243690490722656
60,eval,model.layers.17.self_attn.q_proj,0.093011774122715,0.1487577259540558,1.613309383392334
60,eval,model.layers.17.self_attn.k_proj,0.09515305608510971,0.15242142230272293,1.2426731586456299
60,eval,model.layers.17.self_attn.v_proj,0.07670712471008301,0.11358830705285072,0.6462886333465576
60,eval,model.layers.17.self_attn.o_proj,0.003413007128983736,0.005352146923542023,0.06839963793754578
60,eval,model.layers.17.mlp.gate_proj,0.09706723690032959,0.14791163057088852,1.7122492790222168
60,eval,model.layers.17.mlp.up_proj,0.08158094808459282,0.12309044972062111,0.9416573643684387
60,eval,model.layers.17.mlp.down_proj,0.05759507790207863,0.08940856531262398,1.5928807258605957
60,eval,model.layers.18.self_attn.q_proj,0.0843200795352459,0.13195320218801498,1.2701501846313477
60,eval,model.layers.18.self_attn.k_proj,0.08948953449726105,0.1359512135386467,0.867344319820404
60,eval,model.layers.18.self_attn.v_proj,0.08235352113842964,0.12164274603128433,0.7353180050849915
60,eval,model.layers.18.self_attn.o_proj,0.004022477427497506,0.007016760064288974,0.1906943917274475
60,eval,model.layers.18.mlp.gate_proj,0.08718700706958771,0.13148055970668793,1.6021616458892822
60,eval,model.layers.18.mlp.up_proj,0.08084599301218987,0.12090421468019485,0.9655734300613403
60,eval,model.layers.18.mlp.down_proj,0.05837945640087128,0.09237343445420265,1.0789823532104492
60,eval,model.layers.19.self_attn.q_proj,0.08297799155116081,0.13328833132982254,1.3166136741638184
60,eval,model.layers.19.self_attn.k_proj,0.08838239684700966,0.13345900177955627,0.7667990922927856
60,eval,model.layers.19.self_attn.v_proj,0.08640815690159798,0.1285339519381523,0.9013391733169556
60,eval,model.layers.19.self_attn.o_proj,0.004918241407722235,0.008169128559529781,0.09284283220767975
60,eval,model.layers.19.mlp.gate_proj,0.09697107970714569,0.14731191098690033,1.3014869689941406
60,eval,model.layers.19.mlp.up_proj,0.09139409288764,0.13744976371526718,1.1884242296218872
60,eval,model.layers.19.mlp.down_proj,0.07176199555397034,0.11145291477441788,1.5901179313659668
60,eval,model.layers.20.self_attn.q_proj,0.09203777089715004,0.1491025984287262,1.7093448638916016
60,eval,model.layers.20.self_attn.k_proj,0.08783836290240288,0.1382608562707901,1.0406532287597656
60,eval,model.layers.20.self_attn.v_proj,0.09926110878586769,0.1453040987253189,1.0302016735076904
60,eval,model.layers.20.self_attn.o_proj,0.007534871343523264,0.012126059737056494,0.20041322708129883
60,eval,model.layers.20.mlp.gate_proj,0.09903198108077049,0.15151143074035645,1.8859541416168213
60,eval,model.layers.20.mlp.up_proj,0.09823418036103249,0.14806689321994781,1.5536885261535645
60,eval,model.layers.20.mlp.down_proj,0.08590000495314598,0.1332307681441307,2.474050998687744
60,eval,model.layers.21.self_attn.q_proj,0.0783369168639183,0.12468946352601051,1.0327081680297852
60,eval,model.layers.21.self_attn.k_proj,0.07415513694286346,0.11579187586903572,0.8723945617675781
60,eval,model.layers.21.self_attn.v_proj,0.17842717468738556,0.25943779200315475,1.6141196489334106
60,eval,model.layers.21.self_attn.o_proj,0.007123744813725352,0.013744860421866179,0.5491936206817627
60,eval,model.layers.21.mlp.gate_proj,0.09932500123977661,0.1493716537952423,3.2873497009277344
60,eval,model.layers.21.mlp.up_proj,0.09848444908857346,0.1478944644331932,4.138971328735352
60,eval,model.layers.21.mlp.down_proj,0.08725535497069359,0.18695920705795288,21.2596435546875
60,eval,model.layers.22.self_attn.q_proj,0.08469352498650551,0.13620030134916306,2.0688116550445557
60,eval,model.layers.22.self_attn.k_proj,0.07553232461214066,0.11948630586266518,1.374077320098877
60,eval,model.layers.22.self_attn.v_proj,0.11865603551268578,0.15996003150939941,0.7819852828979492
60,eval,model.layers.22.self_attn.o_proj,0.021762299351394176,0.04605068266391754,2.0231316089630127
60,eval,model.layers.22.mlp.gate_proj,0.09782835841178894,0.14815373718738556,2.2849090099334717
60,eval,model.layers.22.mlp.up_proj,0.1016816645860672,0.15893016755580902,4.110925674438477
60,eval,model.layers.22.mlp.down_proj,0.11574593186378479,0.1980479136109352,2.611823081970215
60,eval,model.layers.23.self_attn.q_proj,0.08469068259000778,0.14147025346755981,2.1831886768341064
60,eval,model.layers.23.self_attn.k_proj,0.0771283283829689,0.1273079738020897,1.6593208312988281
60,eval,model.layers.23.self_attn.v_proj,0.12940245866775513,0.18080971390008926,1.330816388130188
60,eval,model.layers.23.self_attn.o_proj,0.02666456066071987,0.06532328762114048,5.804111957550049
60,eval,model.layers.23.mlp.gate_proj,0.12139138579368591,0.19526658952236176,4.22251558303833
60,eval,model.layers.23.mlp.up_proj,0.12026024982333183,0.199614979326725,6.513166427612305
60,eval,model.layers.23.mlp.down_proj,0.2104938104748726,0.5448199659585953,26.599761962890625
60,eval,lm_head,0.15522417426109314,0.19589214026927948,1.3797507286071777
70,train,model.layers.0.self_attn.q_proj,0.008927657268941402,0.01625461271032691,0.23974609375
70,train,model.layers.0.self_attn.k_proj,0.02472262503579259,0.051910349167883396,0.444305419921875
70,train,model.layers.0.self_attn.v_proj,0.0005992574733681977,0.0007934649620437995,0.005290001630783081
70,train,model.layers.0.self_attn.o_proj,0.0004974053154001012,0.0008061098778853193,0.03170400857925415
70,train,model.layers.0.mlp.gate_proj,0.016473897267132998,0.02339293621480465,0.47856926918029785
70,train,model.layers.0.mlp.up_proj,0.009329207008704543,0.012285471195355058,0.21696874499320984
70,train,model.layers.0.mlp.down_proj,0.004577164421789348,0.006173146073706448,0.10390090942382812
70,train,model.layers.1.self_attn.q_proj,0.024878342635929585,0.0352280018851161,0.39174604415893555
70,train,model.layers.1.self_attn.k_proj,0.040271395817399025,0.06074138358235359,0.5289154052734375
70,train,model.layers.1.self_attn.v_proj,0.007524795946665108,0.00965772639028728,0.04985886812210083
70,train,model.layers.1.self_attn.o_proj,0.0027473990339785814,0.003686693380586803,0.04585081338882446
70,train,model.layers.1.mlp.gate_proj,0.022571036592125893,0.02960114600136876,0.4490232467651367
70,train,model.layers.1.mlp.up_proj,0.015237932791933417,0.019469722639769316,0.16023945808410645
70,train,model.layers.1.mlp.down_proj,0.006843350944109261,0.008886717958375812,0.08369684219360352
70,train,model.layers.2.self_attn.q_proj,0.024778189603239298,0.03390904422849417,0.2457129955291748
70,train,model.layers.2.self_attn.k_proj,0.037086885422468185,0.04925674945116043,0.25124359130859375
70,train,model.layers.2.self_attn.v_proj,0.010115886572748423,0.013031644048169255,0.06891065835952759
70,train,model.layers.2.self_attn.o_proj,0.0030597743461839855,0.004172136541455984,0.10032147169113159
70,train,model.layers.2.mlp.gate_proj,0.0281925848685205,0.036250379867851734,0.7125997543334961
70,train,model.layers.2.mlp.up_proj,0.019735492300242186,0.025666667614132166,1.6431427001953125
70,train,model.layers.2.mlp.down_proj,0.011544086271896958,0.06773594813421369,13.77362060546875
70,train,model.layers.3.self_attn.q_proj,0.028127231635153294,0.04029733594506979,0.4182548522949219
70,train,model.layers.3.self_attn.k_proj,0.03927854634821415,0.054222880862653255,0.3208036422729492
70,train,model.layers.3.self_attn.v_proj,0.0194217748939991,0.025517531670629978,0.12171554565429688
70,train,model.layers.3.self_attn.o_proj,0.0025090030394494534,0.0036995038972236216,0.04351779818534851
70,train,model.layers.3.mlp.gate_proj,0.03343842504546046,0.04348435997962952,0.27815675735473633
70,train,model.layers.3.mlp.up_proj,0.02510405471548438,0.03274206258356571,0.3521304130554199
70,train,model.layers.3.mlp.down_proj,0.014487651409581304,0.07800744660198689,10.986083984375
70,train,model.layers.4.self_attn.q_proj,0.03388334345072508,0.04677462670952082,0.35016894340515137
70,train,model.layers.4.self_attn.k_proj,0.04163338243961334,0.056234210729599,0.3397407531738281
70,train,model.layers.4.self_attn.v_proj,0.03232318349182606,0.043152314610779285,0.25223085284233093
70,train,model.layers.4.self_attn.o_proj,0.004366756067611277,0.0063569198828190565,0.0944366455078125
70,train,model.layers.4.mlp.gate_proj,0.040835753083229065,0.05483753141015768,0.6686062812805176
70,train,model.layers.4.mlp.up_proj,0.031274435110390186,0.04118136316537857,0.2892436385154724
70,train,model.layers.4.mlp.down_proj,0.017028036760166287,0.02301446534693241,0.37619829177856445
70,train,model.layers.5.self_attn.q_proj,0.04137430898845196,0.05861699115484953,0.7434406280517578
70,train,model.layers.5.self_attn.k_proj,0.04900089371949434,0.06776123493909836,0.49759578704833984
70,train,model.layers.5.self_attn.v_proj,0.03822608012706041,0.05104815028607845,0.28376448154449463
70,train,model.layers.5.self_attn.o_proj,0.0043548092362470925,0.006375949480570853,0.15239381790161133
70,train,model.layers.5.mlp.gate_proj,0.0571995647624135,0.07785111479461193,0.651892900466919
70,train,model.layers.5.mlp.up_proj,0.03808208275586367,0.05054063815623522,0.3708380162715912
70,train,model.layers.5.mlp.down_proj,0.019727029837667942,0.02681793086230755,0.22120678424835205
70,train,model.layers.6.self_attn.q_proj,0.041669237427413464,0.06052101403474808,0.6693558692932129
70,train,model.layers.6.self_attn.k_proj,0.054386151023209095,0.07608223892748356,0.5268951654434204
70,train,model.layers.6.self_attn.v_proj,0.032981157302856445,0.04516554903239012,0.3018566370010376
70,train,model.layers.6.self_attn.o_proj,0.004598901607096195,0.006783858290873468,0.11811324954032898
70,train,model.layers.6.mlp.gate_proj,0.047495000064373016,0.06444468162953854,0.7392996549606323
70,train,model.layers.6.mlp.up_proj,0.04017014615237713,0.054214960895478725,0.47071337699890137
70,train,model.layers.6.mlp.down_proj,0.02273689303547144,0.031411638017743826,0.25540095567703247
70,train,model.layers.7.self_attn.q_proj,0.047899278812110424,0.06744364462792873,0.5935019254684448
70,train,model.layers.7.self_attn.k_proj,0.05981645826250315,0.08344605192542076,0.6115940809249878
70,train,model.layers.7.self_attn.v_proj,0.040140711702406406,0.05528406146913767,0.4258289337158203
70,train,model.layers.7.self_attn.o_proj,0.0042730491841211915,0.006249894970096648,0.160080224275589
70,train,model.layers.7.mlp.gate_proj,0.05039022397249937,0.06984432227909565,0.7600088119506836
70,train,model.layers.7.mlp.up_proj,0.04581589065492153,0.06338115595281124,0.6760343313217163
70,train,model.layers.7.mlp.down_proj,0.027854088228195906,0.03958219289779663,0.47946441173553467
70,train,model.layers.8.self_attn.q_proj,0.05657636933028698,0.10794136673212051,4.203990936279297
70,train,model.layers.8.self_attn.k_proj,0.07062576245516539,0.1050098929554224,1.046905517578125
70,train,model.layers.8.self_attn.v_proj,0.043545790016651154,0.0618252856656909,0.5923152565956116
70,train,model.layers.8.self_attn.o_proj,0.004882333509158343,0.008185123791918159,0.2389410436153412
70,train,model.layers.8.mlp.gate_proj,0.052755169570446014,0.07423995807766914,1.1140186786651611
70,train,model.layers.8.mlp.up_proj,0.046771599911153316,0.06499085947871208,0.7207366228103638
70,train,model.layers.8.mlp.down_proj,0.027573284227401018,0.03998540714383125,0.3773256540298462
70,train,model.layers.9.self_attn.q_proj,0.0646593039855361,0.09720073454082012,1.18333899974823
70,train,model.layers.9.self_attn.k_proj,0.08619947731494904,0.13778202421963215,1.6784464120864868
70,train,model.layers.9.self_attn.v_proj,0.056790802627801895,0.07917923200875521,0.5790594816207886
70,train,model.layers.9.self_attn.o_proj,0.0032181321876123548,0.005035711743403226,0.09299077838659286
70,train,model.layers.9.mlp.gate_proj,0.056060123257339,0.07968506310135126,0.8959832787513733
70,train,model.layers.9.mlp.up_proj,0.05193450953811407,0.0733055928722024,0.9185944199562073
70,train,model.layers.9.mlp.down_proj,0.028251999523490667,0.041663776617497206,0.9250001907348633
70,train,model.layers.10.self_attn.q_proj,0.060803281143307686,0.08995180390775204,1.2275187969207764
70,train,model.layers.10.self_attn.k_proj,0.0699525736272335,0.1025854479521513,1.0783519744873047
70,train,model.layers.10.self_attn.v_proj,0.06995854526758194,0.0975563395768404,0.898350715637207
70,train,model.layers.10.self_attn.o_proj,0.005267388187348843,0.008060725987888873,0.3050171732902527
70,train,model.layers.10.mlp.gate_proj,0.05713733658194542,0.08230174519121647,1.1271686553955078
70,train,model.layers.10.mlp.up_proj,0.050745273008942604,0.07155387289822102,0.9268405437469482
70,train,model.layers.10.mlp.down_proj,0.026570073794573545,0.039399255998432636,0.7805880308151245
70,train,model.layers.11.self_attn.q_proj,0.0736020328477025,0.11667714640498161,1.5285415649414062
70,train,model.layers.11.self_attn.k_proj,0.09696286916732788,0.1610635295510292,1.6303024291992188
70,train,model.layers.11.self_attn.v_proj,0.062319894321262836,0.08837873488664627,0.8719977140426636
70,train,model.layers.11.self_attn.o_proj,0.0030457312241196632,0.004998304299078882,0.13594305515289307
70,train,model.layers.11.mlp.gate_proj,0.05663176439702511,0.08111285325139761,0.8847114443778992
70,train,model.layers.11.mlp.up_proj,0.055726480670273304,0.07932828925549984,1.2233242988586426
70,train,model.layers.11.mlp.down_proj,0.027205102145671844,0.04010802926495671,1.0824893712997437
70,train,model.layers.12.self_attn.q_proj,0.0719799380749464,0.10848398506641388,1.415719985961914
70,train,model.layers.12.self_attn.k_proj,0.0764742149040103,0.11224929429590702,0.8199136257171631
70,train,model.layers.12.self_attn.v_proj,0.07865559682250023,0.11371282674372196,0.7436262369155884
70,train,model.layers.12.self_attn.o_proj,0.004953829920850694,0.007472285884432495,0.08483925461769104
70,train,model.layers.12.mlp.gate_proj,0.05703533999621868,0.08338877558708191,1.3681453466415405
70,train,model.layers.12.mlp.up_proj,0.056121538393199444,0.07995524164289236,1.009706735610962
70,train,model.layers.12.mlp.down_proj,0.029304195195436478,0.04352210694923997,0.9198699593544006
70,train,model.layers.13.self_attn.q_proj,0.08502354472875595,0.13557125255465508,1.5524213314056396
70,train,model.layers.13.self_attn.k_proj,0.0928360428661108,0.1390106026083231,1.4080066680908203
70,train,model.layers.13.self_attn.v_proj,0.07619727589190006,0.10903850756585598,0.6362175941467285
70,train,model.layers.13.self_attn.o_proj,0.003680029243696481,0.005715319886803627,0.1168966293334961
70,train,model.layers.13.mlp.gate_proj,0.060862123034894466,0.0896055418998003,1.6579480171203613
70,train,model.layers.13.mlp.up_proj,0.06269676331430674,0.09072200022637844,1.2637944221496582
70,train,model.layers.13.mlp.down_proj,0.033383142203092575,0.04968582931905985,0.8056676387786865
70,train,model.layers.14.self_attn.q_proj,0.08556428924202919,0.13125251792371273,1.9203462600708008
70,train,model.layers.14.self_attn.k_proj,0.08830277994275093,0.13444836251437664,1.5931730270385742
70,train,model.layers.14.self_attn.v_proj,0.08770290948450565,0.12474829144775867,1.0921571254730225
70,train,model.layers.14.self_attn.o_proj,0.006144055048935115,0.010243388591334224,0.3742445707321167
70,train,model.layers.14.mlp.gate_proj,0.061338222585618496,0.09041611291468143,1.321824550628662
70,train,model.layers.14.mlp.up_proj,0.06057523004710674,0.08725889213383198,0.899458110332489
70,train,model.layers.14.mlp.down_proj,0.03804206429049373,0.058172447606921196,0.7423069477081299
70,train,model.layers.15.self_attn.q_proj,0.08459247648715973,0.12787063047289848,1.6302108764648438
70,train,model.layers.15.self_attn.k_proj,0.08680376410484314,0.1311700940132141,1.181006908416748
70,train,model.layers.15.self_attn.v_proj,0.07111961860209703,0.10184194706380367,0.7955289483070374
70,train,model.layers.15.self_attn.o_proj,0.004255255975294858,0.007078654947690666,0.23825186491012573
70,train,model.layers.15.mlp.gate_proj,0.06380746699869633,0.09224272519350052,1.2855753898620605
70,train,model.layers.15.mlp.up_proj,0.06420237943530083,0.09237382002174854,1.5428709983825684
70,train,model.layers.15.mlp.down_proj,0.03801457490772009,0.05587104335427284,1.3404816389083862
70,train,model.layers.16.self_attn.q_proj,0.08506401441991329,0.13715881295502186,1.358578085899353
70,train,model.layers.16.self_attn.k_proj,0.09836519323289394,0.15106059052050114,1.3868379592895508
70,train,model.layers.16.self_attn.v_proj,0.057178424671292305,0.07984191831201315,0.6592013835906982
70,train,model.layers.16.self_attn.o_proj,0.003460493346210569,0.006500871328171343,0.26578962802886963
70,train,model.layers.16.mlp.gate_proj,0.06866649817675352,0.09893027506768703,1.0788882970809937
70,train,model.layers.16.mlp.up_proj,0.06251409836113453,0.08954012021422386,1.3576390743255615
70,train,model.layers.16.mlp.down_proj,0.04190851002931595,0.06057855300605297,1.3880867958068848
70,train,model.layers.17.self_attn.q_proj,0.08415960241109133,0.12781033851206303,1.652840256690979
70,train,model.layers.17.self_attn.k_proj,0.08323178999125957,0.12782698683440685,1.0772571563720703
70,train,model.layers.17.self_attn.v_proj,0.0693537537008524,0.09852342307567596,0.725719690322876
70,train,model.layers.17.self_attn.o_proj,0.004678969853557646,0.007673062849789858,0.143926739692688
70,train,model.layers.17.mlp.gate_proj,0.08488547895103693,0.12352483719587326,2.0326366424560547
70,train,model.layers.17.mlp.up_proj,0.07212697807699442,0.10381286777555943,1.025097131729126
70,train,model.layers.17.mlp.down_proj,0.050413801334798336,0.07516584545373917,1.6015617847442627
70,train,model.layers.18.self_attn.q_proj,0.0769567433744669,0.11488176882266998,1.4347596168518066
70,train,model.layers.18.self_attn.k_proj,0.08079643175005913,0.11744367331266403,0.9365139007568359
70,train,model.layers.18.self_attn.v_proj,0.0752188116312027,0.10612347535789013,0.7543720006942749
70,train,model.layers.18.self_attn.o_proj,0.005286219995468855,0.009080650168471038,0.1542595624923706
70,train,model.layers.18.mlp.gate_proj,0.07745599653571844,0.1121078934520483,1.4639031887054443
70,train,model.layers.18.mlp.up_proj,0.07139036431908607,0.1021004244685173,0.9717336297035217
70,train,model.layers.18.mlp.down_proj,0.0518094003200531,0.07698165625333786,0.7159137725830078
70,train,model.layers.19.self_attn.q_proj,0.07462322246283293,0.11418220214545727,1.226325511932373
70,train,model.layers.19.self_attn.k_proj,0.07862138096243143,0.11328714340925217,0.9946466684341431
70,train,model.layers.19.self_attn.v_proj,0.07866879738867283,0.11172785423696041,0.9400070309638977
70,train,model.layers.19.self_attn.o_proj,0.006010807468555868,0.010193129302933812,0.17154739797115326
70,train,model.layers.19.mlp.gate_proj,0.0860705291852355,0.12558096460998058,1.7757682800292969
70,train,model.layers.19.mlp.up_proj,0.08207264915108681,0.11839225888252258,1.209908127784729
70,train,model.layers.19.mlp.down_proj,0.0649309940636158,0.09600888378918171,1.2562379837036133
70,train,model.layers.20.self_attn.q_proj,0.08093960210680962,0.12279781885445118,1.4318877458572388
70,train,model.layers.20.self_attn.k_proj,0.0787664046511054,0.11823031678795815,1.136584997177124
70,train,model.layers.20.self_attn.v_proj,0.09010887797921896,0.12793411314487457,0.896884560585022
70,train,model.layers.20.self_attn.o_proj,0.007565545034594834,0.011277085868641734,0.23707365989685059
70,train,model.layers.20.mlp.gate_proj,0.0885928450152278,0.12888153083622456,1.8486461639404297
70,train,model.layers.20.mlp.up_proj,0.08754552621394396,0.1261344961822033,1.3645375967025757
70,train,model.layers.20.mlp.down_proj,0.07664663810282946,0.11332369782030582,1.6814136505126953
70,train,model.layers.21.self_attn.q_proj,0.07111352775245905,0.10756324976682663,1.245229721069336
70,train,model.layers.21.self_attn.k_proj,0.06593851372599602,0.1013348214328289,1.0884603261947632
70,train,model.layers.21.self_attn.v_proj,0.1631335522979498,0.23680321872234344,1.9987692832946777
70,train,model.layers.21.self_attn.o_proj,0.009132047882303596,0.016859282040968537,0.6370993256568909
70,train,model.layers.21.mlp.gate_proj,0.08765363413840532,0.12719814851880074,4.749729156494141
70,train,model.layers.21.mlp.up_proj,0.08773898798972368,0.12724420055747032,6.474174499511719
70,train,model.layers.21.mlp.down_proj,0.07417292520403862,0.18047302030026913,21.0855712890625
70,train,model.layers.22.self_attn.q_proj,0.08415528386831284,0.1600804105401039,4.456550121307373
70,train,model.layers.22.self_attn.k_proj,0.07516988646239042,0.1406179703772068,3.5221664905548096
70,train,model.layers.22.self_attn.v_proj,0.11723519116640091,0.16312355920672417,1.3572993278503418
70,train,model.layers.22.self_attn.o_proj,0.01655120705254376,0.03503381321206689,3.6766159534454346
70,train,model.layers.22.mlp.gate_proj,0.09220846742391586,0.15938476845622063,5.1418328285217285
70,train,model.layers.22.mlp.up_proj,0.09747079759836197,0.18126915395259857,9.499547958374023
70,train,model.layers.22.mlp.down_proj,0.11230218410491943,0.23537389934062958,10.195699691772461
70,train,model.layers.23.self_attn.q_proj,0.08380012586712837,0.16691703163087368,5.378662109375
70,train,model.layers.23.self_attn.k_proj,0.07869984582066536,0.1519175637513399,2.76540470123291
70,train,model.layers.23.self_attn.v_proj,0.12525102123618126,0.19658203050494194,2.9319748878479004
70,train,model.layers.23.self_attn.o_proj,0.027737750206142664,0.07748397905379534,7.190380573272705
70,train,model.layers.23.mlp.gate_proj,0.11761046573519707,0.22630664706230164,9.411707878112793
70,train,model.layers.23.mlp.up_proj,0.11797514744102955,0.23613343946635723,10.333712577819824
70,train,model.layers.23.mlp.down_proj,0.17954116128385067,0.48676012456417084,26.491622924804688
70,train,lm_head,0.15576769411563873,0.1931956671178341,1.205127239227295
70,eval,model.layers.0.self_attn.q_proj,0.009157184511423111,0.01650148816406727,0.21982574462890625
70,eval,model.layers.0.self_attn.k_proj,0.02484526764601469,0.052329046651721,0.44354248046875
70,eval,model.layers.0.self_attn.v_proj,0.0006015283870510757,0.0007963028911035508,0.005290001630783081
70,eval,model.layers.0.self_attn.o_proj,0.000397902840632014,0.0006215898902155459,0.024304956197738647
70,eval,model.layers.0.mlp.gate_proj,0.015096002258360386,0.021580022759735584,0.5946412086486816
70,eval,model.layers.0.mlp.up_proj,0.008820351678878069,0.011482372879981995,0.18495023250579834
70,eval,model.layers.0.mlp.down_proj,0.004250494996085763,0.005691938800737262,0.09118688106536865
70,eval,model.layers.1.self_attn.q_proj,0.023279196582734585,0.032778349705040455,0.28237640857696533
70,eval,model.layers.1.self_attn.k_proj,0.038246944546699524,0.06031699851155281,0.550750732421875
70,eval,model.layers.1.self_attn.v_proj,0.0070141085889190435,0.00894287507981062,0.05196976661682129
70,eval,model.layers.1.self_attn.o_proj,0.00266173027921468,0.003612360800616443,0.04897785186767578
70,eval,model.layers.1.mlp.gate_proj,0.021267103031277657,0.027736879885196686,0.4333810806274414
70,eval,model.layers.1.mlp.up_proj,0.014308726880699396,0.01813495811074972,0.11756128072738647
70,eval,model.layers.1.mlp.down_proj,0.006597114959731698,0.008458617608994246,0.10379147529602051
70,eval,model.layers.2.self_attn.q_proj,0.02372173871845007,0.03232120722532272,0.23083829879760742
70,eval,model.layers.2.self_attn.k_proj,0.03599152900278568,0.0479469932615757,0.3079414367675781
70,eval,model.layers.2.self_attn.v_proj,0.00971917062997818,0.012511467095464468,0.0719081461429596
70,eval,model.layers.2.self_attn.o_proj,0.0030657198512926698,0.004144605714827776,0.07515168190002441
70,eval,model.layers.2.mlp.gate_proj,0.02727081347256899,0.034876102581620216,0.46555328369140625
70,eval,model.layers.2.mlp.up_proj,0.018886178731918335,0.024516088888049126,1.6431427001953125
70,eval,model.layers.2.mlp.down_proj,0.012026325799524784,0.09083176404237747,13.77362060546875
70,eval,model.layers.3.self_attn.q_proj,0.026775939390063286,0.03828842379152775,0.3385801315307617
70,eval,model.layers.3.self_attn.k_proj,0.03662937134504318,0.05041463300585747,0.3154640197753906
70,eval,model.layers.3.self_attn.v_proj,0.019488735124468803,0.02542367484420538,0.11314944922924042
70,eval,model.layers.3.self_attn.o_proj,0.002384801395237446,0.0034654614282771945,0.0328366756439209
70,eval,model.layers.3.mlp.gate_proj,0.032021813094615936,0.04157005436718464,0.25381338596343994
70,eval,model.layers.3.mlp.up_proj,0.02411092258989811,0.03134494833648205,0.2706613540649414
70,eval,model.layers.3.mlp.down_proj,0.013744286727160215,0.07012119889259338,8.7763671875
70,eval,model.layers.4.self_attn.q_proj,0.03166985046118498,0.04345167987048626,0.3007659316062927
70,eval,model.layers.4.self_attn.k_proj,0.03897922858595848,0.05225054547190666,0.2397785186767578
70,eval,model.layers.4.self_attn.v_proj,0.030367108061909676,0.04066513851284981,0.1790560483932495
70,eval,model.layers.4.self_attn.o_proj,0.003920930437743664,0.005790277849882841,0.058797597885131836
70,eval,model.layers.4.mlp.gate_proj,0.0393257737159729,0.052875274792313576,0.572469174861908
70,eval,model.layers.4.mlp.up_proj,0.029818812385201454,0.03923722542822361,0.24636822938919067
70,eval,model.layers.4.mlp.down_proj,0.01663616392761469,0.022404425777494907,0.36044836044311523
70,eval,model.layers.5.self_attn.q_proj,0.04014616645872593,0.057426150888204575,0.5744829177856445
70,eval,model.layers.5.self_attn.k_proj,0.047429513186216354,0.066803228110075,0.3636617660522461
70,eval,model.layers.5.self_attn.v_proj,0.03745141439139843,0.05081731826066971,0.21294564008712769
70,eval,model.layers.5.self_attn.o_proj,0.003564909566193819,0.00543319690041244,0.08621716499328613
70,eval,model.layers.5.mlp.gate_proj,0.056695446372032166,0.07736456766724586,0.573702335357666
70,eval,model.layers.5.mlp.up_proj,0.037272121757268906,0.04969692789018154,0.3213510513305664
70,eval,model.layers.5.mlp.down_proj,0.01946557592600584,0.026840852573513985,0.22598934173583984
70,eval,model.layers.6.self_attn.q_proj,0.04075256548821926,0.05957670882344246,0.6030817031860352
70,eval,model.layers.6.self_attn.k_proj,0.054681919515132904,0.07874470576643944,0.5121967792510986
70,eval,model.layers.6.self_attn.v_proj,0.03259120509028435,0.045582253485918045,0.27005285024642944
70,eval,model.layers.6.self_attn.o_proj,0.003755683545023203,0.005484062479808927,0.120943084359169
70,eval,model.layers.6.mlp.gate_proj,0.048754120245575905,0.06624537706375122,0.5074329376220703
70,eval,model.layers.6.mlp.up_proj,0.040179476141929626,0.054348867386579514,0.39311718940734863
70,eval,model.layers.6.mlp.down_proj,0.024743935093283653,0.03467473480850458,0.23068076372146606
70,eval,model.layers.7.self_attn.q_proj,0.04953151382505894,0.07083786651492119,0.7562427520751953
70,eval,model.layers.7.self_attn.k_proj,0.06335747614502907,0.08918463066220284,0.4248993396759033
70,eval,model.layers.7.self_attn.v_proj,0.04543798789381981,0.0640684962272644,0.34471023082733154
70,eval,model.layers.7.self_attn.o_proj,0.004295232938602567,0.006303292466327548,0.09763157367706299
70,eval,model.layers.7.mlp.gate_proj,0.05447346344590187,0.0761244185268879,0.6240787506103516
70,eval,model.layers.7.mlp.up_proj,0.049464356154203415,0.06923597306013107,0.6006464958190918
70,eval,model.layers.7.mlp.down_proj,0.028838842175900936,0.041438812389969826,0.41716206073760986
70,eval,model.layers.8.self_attn.q_proj,0.05647619068622589,0.10045377165079117,3.76509952545166
70,eval,model.layers.8.self_attn.k_proj,0.07378360629081726,0.11107196286320686,1.067596435546875
70,eval,model.layers.8.self_attn.v_proj,0.04472409188747406,0.06438570097088814,0.4322764277458191
70,eval,model.layers.8.self_attn.o_proj,0.003941998118534684,0.006642254535108805,0.14626002311706543
70,eval,model.layers.8.mlp.gate_proj,0.055121734738349915,0.07863584160804749,0.8902066946029663
70,eval,model.layers.8.mlp.up_proj,0.04899865388870239,0.06919824331998825,0.7939251661300659
70,eval,model.layers.8.mlp.down_proj,0.028334029018878937,0.042156873270869255,0.5966980457305908
70,eval,model.layers.9.self_attn.q_proj,0.06499946489930153,0.10077996551990509,1.0079689025878906
70,eval,model.layers.9.self_attn.k_proj,0.08916345238685608,0.14215248078107834,0.9608705043792725
70,eval,model.layers.9.self_attn.v_proj,0.05875255540013313,0.0838453471660614,0.4874749779701233
70,eval,model.layers.9.self_attn.o_proj,0.003024820704013109,0.0048646568320691586,0.11429280042648315
70,eval,model.layers.9.mlp.gate_proj,0.056952934712171555,0.08222880959510803,0.8712477684020996
70,eval,model.layers.9.mlp.up_proj,0.0535017903894186,0.07713812962174416,0.8538198471069336
70,eval,model.layers.9.mlp.down_proj,0.029424426145851612,0.04399759694933891,0.5851616859436035
70,eval,model.layers.10.self_attn.q_proj,0.06295564584434032,0.09550680220127106,0.7905371189117432
70,eval,model.layers.10.self_attn.k_proj,0.07406456768512726,0.11135686561465263,0.7388052344322205
70,eval,model.layers.10.self_attn.v_proj,0.0733306035399437,0.10588693246245384,0.5739552974700928
70,eval,model.layers.10.self_attn.o_proj,0.004221805837005377,0.006722057005390525,0.13718652725219727
70,eval,model.layers.10.mlp.gate_proj,0.05894365906715393,0.08659660816192627,0.9642781615257263
70,eval,model.layers.10.mlp.up_proj,0.05292292311787605,0.07638000696897507,0.8932671546936035
70,eval,model.layers.10.mlp.down_proj,0.0286062303930521,0.043632544577121735,0.5683236122131348
70,eval,model.layers.11.self_attn.q_proj,0.08000993356108665,0.12647942453622818,0.9998040199279785
70,eval,model.layers.11.self_attn.k_proj,0.09766489639878273,0.15784719586372375,1.1683754920959473
70,eval,model.layers.11.self_attn.v_proj,0.06486782431602478,0.09284703433513641,0.45894646644592285
70,eval,model.layers.11.self_attn.o_proj,0.0028153513558208942,0.004564495058730245,0.08762204647064209
70,eval,model.layers.11.mlp.gate_proj,0.05930869095027447,0.08703535050153732,1.0062259435653687
70,eval,model.layers.11.mlp.up_proj,0.0581053476780653,0.08457369357347488,0.7837791442871094
70,eval,model.layers.11.mlp.down_proj,0.028649539686739445,0.04349657520651817,0.9606077671051025
70,eval,model.layers.12.self_attn.q_proj,0.07737455144524574,0.12071555107831955,1.2274291515350342
70,eval,model.layers.12.self_attn.k_proj,0.08857058733701706,0.1346394419670105,0.8023419380187988
70,eval,model.layers.12.self_attn.v_proj,0.08537537604570389,0.12561394646763802,0.8340721726417542
70,eval,model.layers.12.self_attn.o_proj,0.004030695999972522,0.006455978844314814,0.11982440948486328
70,eval,model.layers.12.mlp.gate_proj,0.061102164909243584,0.09183788299560547,1.1677656173706055
70,eval,model.layers.12.mlp.up_proj,0.05988065525889397,0.087856225669384,0.8904193043708801
70,eval,model.layers.12.mlp.down_proj,0.031562402844429016,0.04817586578428745,0.4155232310295105
70,eval,model.layers.13.self_attn.q_proj,0.09181912243366241,0.14869002252817154,1.3569142818450928
70,eval,model.layers.13.self_attn.k_proj,0.09839165210723877,0.15157416462898254,1.0749002695083618
70,eval,model.layers.13.self_attn.v_proj,0.08385919407010078,0.12347099184989929,0.8818073868751526
70,eval,model.layers.13.self_attn.o_proj,0.002575948368757963,0.004260810906998813,0.058969855308532715
70,eval,model.layers.13.mlp.gate_proj,0.06483895517885685,0.09869737178087234,1.8243863582611084
70,eval,model.layers.13.mlp.up_proj,0.0673019029200077,0.10023484379053116,0.8984969854354858
70,eval,model.layers.13.mlp.down_proj,0.03655112534761429,0.05674841068685055,0.5737265348434448
70,eval,model.layers.14.self_attn.q_proj,0.09865450114011765,0.15951592475175858,1.5711994171142578
70,eval,model.layers.14.self_attn.k_proj,0.09879640862345695,0.15407146513462067,0.9651215672492981
70,eval,model.layers.14.self_attn.v_proj,0.09562229737639427,0.14060281962156296,0.832539439201355
70,eval,model.layers.14.self_attn.o_proj,0.004460915923118591,0.007979280082508922,0.15799999237060547
70,eval,model.layers.14.mlp.gate_proj,0.06788064911961555,0.10323789343237877,1.2594645023345947
70,eval,model.layers.14.mlp.up_proj,0.06716179847717285,0.10078538581728935,1.1154814958572388
70,eval,model.layers.14.mlp.down_proj,0.04574798233807087,0.07453139871358871,0.8138091564178467
70,eval,model.layers.15.self_attn.q_proj,0.09286924824118614,0.14793626964092255,1.3336195945739746
70,eval,model.layers.15.self_attn.k_proj,0.09586654603481293,0.1488804891705513,1.1307017803192139
70,eval,model.layers.15.self_attn.v_proj,0.07818415388464928,0.11547896638512611,0.6304368376731873
70,eval,model.layers.15.self_attn.o_proj,0.003490385483019054,0.006077836733311415,0.09565305709838867
70,eval,model.layers.15.mlp.gate_proj,0.07129374146461487,0.10811952129006386,1.874777913093567
70,eval,model.layers.15.mlp.up_proj,0.07083503529429436,0.10646521300077438,1.3560547828674316
70,eval,model.layers.15.mlp.down_proj,0.04193275049328804,0.06458268128335476,0.7320201992988586
70,eval,model.layers.16.self_attn.q_proj,0.09329243376851082,0.15964147448539734,2.4691238403320312
70,eval,model.layers.16.self_attn.k_proj,0.10409741476178169,0.1603410616517067,0.9806736707687378
70,eval,model.layers.16.self_attn.v_proj,0.06441659107804298,0.09289278090000153,0.4885828495025635
70,eval,model.layers.16.self_attn.o_proj,0.002403194084763527,0.0039679593173787,0.08091965317726135
70,eval,model.layers.16.mlp.gate_proj,0.07733694463968277,0.11695361137390137,1.6119067668914795
70,eval,model.layers.16.mlp.up_proj,0.07014544308185577,0.10476342588663101,1.1284427642822266
70,eval,model.layers.16.mlp.down_proj,0.04611389711499214,0.06976885348558426,1.2305824756622314
70,eval,model.layers.17.self_attn.q_proj,0.09307846799492836,0.14887480437755585,1.620173454284668
70,eval,model.layers.17.self_attn.k_proj,0.09513792768120766,0.1524299681186676,1.2428197860717773
70,eval,model.layers.17.self_attn.v_proj,0.0767551027238369,0.11367269605398178,0.6443526744842529
70,eval,model.layers.17.self_attn.o_proj,0.0034165767719969153,0.005354882217943668,0.06732961535453796
70,eval,model.layers.17.mlp.gate_proj,0.0971115194261074,0.14800327271223068,1.72355055809021
70,eval,model.layers.17.mlp.up_proj,0.0816194973886013,0.12316961213946342,0.9463624954223633
70,eval,model.layers.17.mlp.down_proj,0.057619091123342514,0.08945343643426895,1.6007781028747559
70,eval,model.layers.18.self_attn.q_proj,0.08439058437943459,0.13207902014255524,1.2731704711914062
70,eval,model.layers.18.self_attn.k_proj,0.08956107869744301,0.13601060956716537,0.8665459156036377
70,eval,model.layers.18.self_attn.v_proj,0.08238881453871727,0.12170837819576263,0.7382055521011353
70,eval,model.layers.18.self_attn.o_proj,0.00403090042527765,0.00703549082390964,0.19087955355644226
70,eval,model.layers.18.mlp.gate_proj,0.08722252026200294,0.13155197352170944,1.6058018207550049
70,eval,model.layers.18.mlp.up_proj,0.08088473603129387,0.1209697276353836,0.9713954925537109
70,eval,model.layers.18.mlp.down_proj,0.05843529477715492,0.09251587837934494,1.0843534469604492
70,eval,model.layers.19.self_attn.q_proj,0.08305231854319572,0.1334567666053772,1.3221771717071533
70,eval,model.layers.19.self_attn.k_proj,0.0884619764983654,0.13358312845230103,0.7703651189804077
70,eval,model.layers.19.self_attn.v_proj,0.08648966252803802,0.1286734826862812,0.906552791595459
70,eval,model.layers.19.self_attn.o_proj,0.004929980495944619,0.008193322224542499,0.09207332134246826
70,eval,model.layers.19.mlp.gate_proj,0.09702366217970848,0.14741139113903046,1.30268132686615
70,eval,model.layers.19.mlp.up_proj,0.09145864471793175,0.13756494969129562,1.1928009986877441
70,eval,model.layers.19.mlp.down_proj,0.07180618494749069,0.11156542971730232,1.5812430381774902
70,eval,model.layers.20.self_attn.q_proj,0.09211656451225281,0.14924412965774536,1.7170400619506836
70,eval,model.layers.20.self_attn.k_proj,0.08790802210569382,0.13842085003852844,1.0400307178497314
70,eval,model.layers.20.self_attn.v_proj,0.09931747987866402,0.14537134021520615,1.0369123220443726
70,eval,model.layers.20.self_attn.o_proj,0.007545430911704898,0.012145383283495903,0.20064949989318848
70,eval,model.layers.20.mlp.gate_proj,0.0990961492061615,0.151639424264431,1.8800323009490967
70,eval,model.layers.20.mlp.up_proj,0.09830689430236816,0.1482103019952774,1.5643845796585083
70,eval,model.layers.20.mlp.down_proj,0.08593999221920967,0.13332226127386093,2.464844226837158
70,eval,model.layers.21.self_attn.q_proj,0.07841820269823074,0.12477174401283264,1.0373592376708984
70,eval,model.layers.21.self_attn.k_proj,0.0741938054561615,0.11582263186573982,0.8709530830383301
70,eval,model.layers.21.self_attn.v_proj,0.17842964082956314,0.259492464363575,1.6111561059951782
70,eval,model.layers.21.self_attn.o_proj,0.007110039237886667,0.01372820045799017,0.5520050525665283
70,eval,model.layers.21.mlp.gate_proj,0.09939930215477943,0.14949535578489304,3.2640914916992188
70,eval,model.layers.21.mlp.up_proj,0.09855340421199799,0.14802215993404388,4.118642807006836
70,eval,model.layers.21.mlp.down_proj,0.08736015111207962,0.18731360882520676,21.0855712890625
70,eval,model.layers.22.self_attn.q_proj,0.08472896739840508,0.13616204261779785,2.06311297416687
70,eval,model.layers.22.self_attn.k_proj,0.07554835453629494,0.1195141114294529,1.3701322078704834
70,eval,model.layers.22.self_attn.v_proj,0.11873931437730789,0.1600705310702324,0.7876684069633484
70,eval,model.layers.22.self_attn.o_proj,0.02170991338789463,0.045846160501241684,2.0112009048461914
70,eval,model.layers.22.mlp.gate_proj,0.09787249565124512,0.14822623133659363,2.2822165489196777
70,eval,model.layers.22.mlp.up_proj,0.10174115374684334,0.15901170670986176,4.103830814361572
70,eval,model.layers.22.mlp.down_proj,0.11580218747258186,0.19812048971652985,2.6127781867980957
70,eval,model.layers.23.self_attn.q_proj,0.08478370308876038,0.14160461351275444,2.186396360397339
70,eval,model.layers.23.self_attn.k_proj,0.07712477073073387,0.12728479877114296,1.648752212524414
70,eval,model.layers.23.self_attn.v_proj,0.12949278950691223,0.1808542162179947,1.345329761505127
70,eval,model.layers.23.self_attn.o_proj,0.02660561352968216,0.06519563682377338,5.772243499755859
70,eval,model.layers.23.mlp.gate_proj,0.12144405767321587,0.19533387571573257,4.216240882873535
70,eval,model.layers.23.mlp.up_proj,0.12030898407101631,0.19968632608652115,6.504596710205078
70,eval,model.layers.23.mlp.down_proj,0.21050279587507248,0.5445370674133301,26.491622924804688
70,eval,lm_head,0.15568089857697487,0.19641175121068954,1.380174160003662
80,train,model.layers.0.self_attn.q_proj,0.008927636779844761,0.01625460898503661,0.23974609375
80,train,model.layers.0.self_attn.k_proj,0.02472254680469632,0.05191040225327015,0.444305419921875
80,train,model.layers.0.self_attn.v_proj,0.0005992850929033011,0.0007934508030302823,0.005290195345878601
80,train,model.layers.0.self_attn.o_proj,0.0004973377435817383,0.0008060888503678143,0.03172525763511658
80,train,model.layers.0.mlp.gate_proj,0.01646901061758399,0.02338556107133627,0.4786262512207031
80,train,model.layers.0.mlp.up_proj,0.009328173939138651,0.012283938704058528,0.2169841229915619
80,train,model.layers.0.mlp.down_proj,0.004574613180011511,0.006168470485135913,0.10272598266601562
80,train,model.layers.1.self_attn.q_proj,0.024868509732186794,0.03521281201392412,0.39177751541137695
80,train,model.layers.1.self_attn.k_proj,0.040255092084407806,0.06071812845766544,0.528778076171875
80,train,model.layers.1.self_attn.v_proj,0.007522587082348764,0.009656813461333513,0.04986776411533356
80,train,model.layers.1.self_attn.o_proj,0.002745038131251931,0.0036834864295087755,0.045827120542526245
80,train,model.layers.1.mlp.gate_proj,0.022563402075320482,0.029590147081762552,0.4483036994934082
80,train,model.layers.1.mlp.up_proj,0.015232059638947248,0.019462000112980604,0.15961459279060364
80,train,model.layers.1.mlp.down_proj,0.006839646608568728,0.008881750050932169,0.08352875709533691
80,train,model.layers.2.self_attn.q_proj,0.024766206741333008,0.03389625158160925,0.24513161182403564
80,train,model.layers.2.self_attn.k_proj,0.03705811686813831,0.04922111891210079,0.2513847351074219
80,train,model.layers.2.self_attn.v_proj,0.01010969653725624,0.013026426546275616,0.06895631551742554
80,train,model.layers.2.self_attn.o_proj,0.0030542329768650234,0.004163043340668082,0.09697401523590088
80,train,model.layers.2.mlp.gate_proj,0.028171727433800697,0.03622584603726864,0.7137327194213867
80,train,model.layers.2.mlp.up_proj,0.019723323173820972,0.025651239324361086,1.6465606689453125
80,train,model.layers.2.mlp.down_proj,0.011516634374856949,0.06699126958847046,13.8724365234375
80,train,model.layers.3.self_attn.q_proj,0.028103718534111977,0.04026380833238363,0.41796159744262695
80,train,model.layers.3.self_attn.k_proj,0.039251633919775486,0.05417901370674372,0.3211512565612793
80,train,model.layers.3.self_attn.v_proj,0.019396572839468718,0.02548887673765421,0.12172377109527588
80,train,model.layers.3.self_attn.o_proj,0.002500894828699529,0.0036872889031656086,0.04361540079116821
80,train,model.layers.3.mlp.gate_proj,0.033402984496206045,0.04343847930431366,0.27780771255493164
80,train,model.layers.3.mlp.up_proj,0.025080688297748566,0.03271228354424238,0.35077357292175293
80,train,model.layers.3.mlp.down_proj,0.014483300736173987,0.07836029678583145,11.03936767578125
80,train,model.layers.4.self_attn.q_proj,0.033819315023720264,0.04669411666691303,0.35070550441741943
80,train,model.layers.4.self_attn.k_proj,0.041556110605597496,0.05612864438444376,0.33867835998535156
80,train,model.layers.4.self_attn.v_proj,0.03226269409060478,0.043069751001894474,0.25266581773757935
80,train,model.layers.4.self_attn.o_proj,0.004355134617071599,0.006336082122288644,0.09414637088775635
80,train,model.layers.4.mlp.gate_proj,0.04077621642500162,0.05476404260843992,0.6657443046569824
80,train,model.layers.4.mlp.up_proj,0.03123735636472702,0.04113870486617088,0.28883248567581177
80,train,model.layers.4.mlp.down_proj,0.017003781395033002,0.022983540315181017,0.37802743911743164
80,train,model.layers.5.self_attn.q_proj,0.04124694876372814,0.058420502580702305,0.7407493591308594
80,train,model.layers.5.self_attn.k_proj,0.048942203633487225,0.06768192071467638,0.4995899200439453
80,train,model.layers.5.self_attn.v_proj,0.03816257696598768,0.05096832849085331,0.283433198928833
80,train,model.layers.5.self_attn.o_proj,0.0043292351183481514,0.006338357925415039,0.15237069129943848
80,train,model.layers.5.mlp.gate_proj,0.05706983618438244,0.07768610119819641,0.6521580219268799
80,train,model.layers.5.mlp.up_proj,0.03801515977829695,0.050462786108255386,0.3701828420162201
80,train,model.layers.5.mlp.down_proj,0.019691357389092445,0.026785268913954496,0.22110962867736816
80,train,model.layers.6.self_attn.q_proj,0.04152795299887657,0.06034892797470093,0.6691055297851562
80,train,model.layers.6.self_attn.k_proj,0.054214670322835445,0.0758838839828968,0.5255676507949829
80,train,model.layers.6.self_attn.v_proj,0.032878266647458076,0.045031012035906315,0.3010175824165344
80,train,model.layers.6.self_attn.o_proj,0.0045637041330337524,0.006719465251080692,0.11673641204833984
80,train,model.layers.6.mlp.gate_proj,0.04731921013444662,0.06424125749617815,0.7379839420318604
80,train,model.layers.6.mlp.up_proj,0.040069579146802425,0.05410866718739271,0.46836233139038086
80,train,model.layers.6.mlp.down_proj,0.02267651306465268,0.03135042916983366,0.25581681728363037
80,train,model.layers.7.self_attn.q_proj,0.04771196376532316,0.06719126738607883,0.5946150422096252
80,train,model.layers.7.self_attn.k_proj,0.059601777233183384,0.08318742364645004,0.6132122278213501
80,train,model.layers.7.self_attn.v_proj,0.03999343793839216,0.0551346680149436,0.4247257709503174
80,train,model.layers.7.self_attn.o_proj,0.00423649454023689,0.006196953356266022,0.15839338302612305
80,train,model.layers.7.mlp.gate_proj,0.05024385638535023,0.06968876998871565,0.7577791213989258
80,train,model.layers.7.mlp.up_proj,0.04570605605840683,0.06326495576649904,0.6711138486862183
80,train,model.layers.7.mlp.down_proj,0.027783727273344994,0.03950846055522561,0.47701793909072876
80,train,model.layers.8.self_attn.q_proj,0.056360174901783466,0.10751385055482388,4.211820602416992
80,train,model.layers.8.self_attn.k_proj,0.07035456411540508,0.10470470786094666,1.04931640625
80,train,model.layers.8.self_attn.v_proj,0.04340661969035864,0.06169501971453428,0.5897611975669861
80,train,model.layers.8.self_attn.o_proj,0.004856593091972172,0.008140489109791815,0.23741167783737183
80,train,model.layers.8.mlp.gate_proj,0.052622150629758835,0.07408929150551558,1.1151983737945557
80,train,model.layers.8.mlp.up_proj,0.046652148477733135,0.06486243940889835,0.7211577892303467
80,train,model.layers.8.mlp.down_proj,0.02751237992197275,0.039922669529914856,0.375621497631073
80,train,model.layers.9.self_attn.q_proj,0.06445474270731211,0.0969488974660635,1.1828476190567017
80,train,model.layers.9.self_attn.k_proj,0.08599587716162205,0.1375439576804638,1.6740566492080688
80,train,model.layers.9.self_attn.v_proj,0.056643297895789146,0.07902354653924704,0.5768529176712036
80,train,model.layers.9.self_attn.o_proj,0.003183104854542762,0.0049702347023412585,0.08085381984710693
80,train,model.layers.9.mlp.gate_proj,0.055881709791719913,0.07948016561567783,0.8929681777954102
80,train,model.layers.9.mlp.up_proj,0.051792461425065994,0.07316016033291817,0.9237346053123474
80,train,model.layers.9.mlp.down_proj,0.02816542237997055,0.041562003549188375,0.9199681282043457
80,train,model.layers.10.self_attn.q_proj,0.06061325781047344,0.0897555761039257,1.2235777378082275
80,train,model.layers.10.self_attn.k_proj,0.06978125404566526,0.10234745219349861,1.0742284059524536
80,train,model.layers.10.self_attn.v_proj,0.06977326702326536,0.09732320718467236,0.8944872617721558
80,train,model.layers.10.self_attn.o_proj,0.005241769948042929,0.008019681321457028,0.29533863067626953
80,train,model.layers.10.mlp.gate_proj,0.056968011893332005,0.08212900068610907,1.1247648000717163
80,train,model.layers.10.mlp.up_proj,0.05059688724577427,0.07141548674553633,0.9258803129196167
80,train,model.layers.10.mlp.down_proj,0.026500678155571222,0.039349174592643976,0.7848588228225708
80,train,model.layers.11.self_attn.q_proj,0.07344609871506691,0.1164727471768856,1.5221996307373047
80,train,model.layers.11.self_attn.k_proj,0.09676632471382618,0.16072742454707623,1.6220083236694336
80,train,model.layers.11.self_attn.v_proj,0.06210122536867857,0.08818825706839561,0.8688212633132935
80,train,model.layers.11.self_attn.o_proj,0.0030264894012361765,0.004958912555593997,0.13598096370697021
80,train,model.layers.11.mlp.gate_proj,0.05645955912768841,0.08095215260982513,0.8816717863082886
80,train,model.layers.11.mlp.up_proj,0.055557063780725,0.07916509360074997,1.219972014427185
80,train,model.layers.11.mlp.down_proj,0.02712891297414899,0.04003740847110748,1.0857603549957275
80,train,model.layers.12.self_attn.q_proj,0.07179659511893988,0.10831878520548344,1.4166975021362305
80,train,model.layers.12.self_attn.k_proj,0.07635286636650562,0.11215255782008171,0.8154006004333496
80,train,model.layers.12.self_attn.v_proj,0.07851989287883043,0.11358430609107018,0.7396957278251648
80,train,model.layers.12.self_attn.o_proj,0.0049282091786153615,0.007428798824548721,0.09318098425865173
80,train,model.layers.12.mlp.gate_proj,0.05689753778278828,0.08326657954603434,1.367041826248169
80,train,model.layers.12.mlp.up_proj,0.055965157225728035,0.07980849128216505,1.0091347694396973
80,train,model.layers.12.mlp.down_proj,0.029229105915874243,0.0434648497030139,0.9252599477767944
80,train,model.layers.13.self_attn.q_proj,0.08480415493249893,0.13533376343548298,1.5417423248291016
80,train,model.layers.13.self_attn.k_proj,0.0925398413091898,0.13866987265646458,1.4028167724609375
80,train,model.layers.13.self_attn.v_proj,0.07593744434416294,0.10879858955740929,0.6340345144271851
80,train,model.layers.13.self_attn.o_proj,0.003658753528725356,0.005681057751644403,0.11986684799194336
80,train,model.layers.13.mlp.gate_proj,0.06065789330750704,0.08942633308470249,1.6528220176696777
80,train,model.layers.13.mlp.up_proj,0.062481220811605453,0.09053838811814785,1.256091833114624
80,train,model.layers.13.mlp.down_proj,0.033287652768194675,0.049615198746323586,0.8091816902160645
80,train,model.layers.14.self_attn.q_proj,0.0852918978780508,0.13100023940205574,1.9241561889648438
80,train,model.layers.14.self_attn.k_proj,0.08803408406674862,0.13420472294092178,1.5881211757659912
80,train,model.layers.14.self_attn.v_proj,0.08734918758273125,0.12445273250341415,1.0894999504089355
80,train,model.layers.14.self_attn.o_proj,0.006082057312596589,0.010124089545570314,0.3494640588760376
80,train,model.layers.14.mlp.gate_proj,0.0611298605799675,0.0902954526245594,1.3199028968811035
80,train,model.layers.14.mlp.up_proj,0.060379563830792904,0.08713897131383419,0.8969407677650452
80,train,model.layers.14.mlp.down_proj,0.03797048144042492,0.058223310858011246,0.7506594657897949
80,train,model.layers.15.self_attn.q_proj,0.08428267762064934,0.1276418101042509,1.6239495277404785
80,train,model.layers.15.self_attn.k_proj,0.08646558411419392,0.13091030530631542,1.1841654777526855
80,train,model.layers.15.self_attn.v_proj,0.07096780091524124,0.10173212923109531,0.796660304069519
80,train,model.layers.15.self_attn.o_proj,0.004213161009829491,0.006983897881582379,0.2210952639579773
80,train,model.layers.15.mlp.gate_proj,0.0635830843821168,0.09210020862519741,1.2865982055664062
80,train,model.layers.15.mlp.up_proj,0.06397368479520082,0.09223135188221931,1.545899748802185
80,train,model.layers.15.mlp.down_proj,0.03790685208514333,0.05579398758709431,1.3433701992034912
80,train,model.layers.16.self_attn.q_proj,0.08495486713945866,0.13721824064850807,1.3624755144119263
80,train,model.layers.16.self_attn.k_proj,0.09810733050107956,0.15098199620842934,1.3946332931518555
80,train,model.layers.16.self_attn.v_proj,0.05711497459560633,0.07983570173382759,0.6601171493530273
80,train,model.layers.16.self_attn.o_proj,0.0034206577693112195,0.006415758049115539,0.26740574836730957
80,train,model.layers.16.mlp.gate_proj,0.0684583131223917,0.09883891977369785,1.0738195180892944
80,train,model.layers.16.mlp.up_proj,0.06228639464825392,0.08940589614212513,1.3578609228134155
80,train,model.layers.16.mlp.down_proj,0.041793905664235353,0.06053565442562103,1.3946146965026855
80,train,model.layers.17.self_attn.q_proj,0.08388205897063017,0.12763791158795357,1.6641976833343506
80,train,model.layers.17.self_attn.k_proj,0.08311525266617537,0.12789843790233135,1.0783820152282715
80,train,model.layers.17.self_attn.v_proj,0.06925232987850904,0.09851983934640884,0.7257997989654541
80,train,model.layers.17.self_attn.o_proj,0.004678643948864192,0.007683127652853727,0.15771758556365967
80,train,model.layers.17.mlp.gate_proj,0.08468297682702541,0.12352341040968895,2.029644250869751
80,train,model.layers.17.mlp.up_proj,0.07194443605840206,0.10377395153045654,1.0271364450454712
80,train,model.layers.17.mlp.down_proj,0.05033333692699671,0.07521580904722214,1.6182670593261719
80,train,model.layers.18.self_attn.q_proj,0.07674798369407654,0.11478354968130589,1.4325284957885742
80,train,model.layers.18.self_attn.k_proj,0.08048602193593979,0.11729807406663895,0.9420185089111328
80,train,model.layers.18.self_attn.v_proj,0.07500761840492487,0.1059096660465002,0.7546188831329346
80,train,model.layers.18.self_attn.o_proj,0.0052337073138915,0.008974528522230685,0.1592896580696106
80,train,model.layers.18.mlp.gate_proj,0.07724181935191154,0.11205323599278927,1.4494996070861816
80,train,model.layers.18.mlp.up_proj,0.07116679009050131,0.10200887359678745,0.9678056240081787
80,train,model.layers.18.mlp.down_proj,0.05167950503528118,0.07696849387139082,0.7168083190917969
80,train,model.layers.19.self_attn.q_proj,0.07440268993377686,0.11408164538443089,1.2224491834640503
80,train,model.layers.19.self_attn.k_proj,0.07837848924100399,0.11320456489920616,0.9996535778045654
80,train,model.layers.19.self_attn.v_proj,0.07833321671932936,0.11152122355997562,0.9375349879264832
80,train,model.layers.19.self_attn.o_proj,0.005937805166468024,0.010021285619586706,0.16856272518634796
80,train,model.layers.19.mlp.gate_proj,0.08583284821361303,0.12553691118955612,1.7761344909667969
80,train,model.layers.19.mlp.up_proj,0.08185712061822414,0.11836839467287064,1.2029030323028564
80,train,model.layers.19.mlp.down_proj,0.06480003707110882,0.09602151345461607,1.2573482990264893
80,train,model.layers.20.self_attn.q_proj,0.08062225207686424,0.1225722748786211,1.4337825775146484
80,train,model.layers.20.self_attn.k_proj,0.07863590400665998,0.11806870624423027,1.139673113822937
80,train,model.layers.20.self_attn.v_proj,0.08986114151775837,0.12776202335953712,0.8912509679794312
80,train,model.layers.20.self_attn.o_proj,0.007494300487451255,0.011161738308146596,0.22430634498596191
80,train,model.layers.20.mlp.gate_proj,0.08837601076811552,0.12883221730589867,1.8359222412109375
80,train,model.layers.20.mlp.up_proj,0.08732097875326872,0.12608373910188675,1.3633252382278442
80,train,model.layers.20.mlp.down_proj,0.07646946050226688,0.11326014995574951,1.6917190551757812
80,train,model.layers.21.self_attn.q_proj,0.07080400083214045,0.10725651122629642,1.2411656379699707
80,train,model.layers.21.self_attn.k_proj,0.06576949823647738,0.10113955661654472,1.0882121324539185
80,train,model.layers.21.self_attn.v_proj,0.16278410516679287,0.23670290037989616,2.008340835571289
80,train,model.layers.21.self_attn.o_proj,0.009098635171540082,0.01677935686893761,0.6128308773040771
80,train,model.layers.21.mlp.gate_proj,0.08743534237146378,0.12713137455284595,4.769142150878906
80,train,model.layers.21.mlp.up_proj,0.08750004693865776,0.12717287614941597,6.505256652832031
80,train,model.layers.21.mlp.down_proj,0.07402087841182947,0.18117577768862247,21.140869140625
80,train,model.layers.22.self_attn.q_proj,0.08379004802554846,0.15995670855045319,4.47249174118042
80,train,model.layers.22.self_attn.k_proj,0.07491221278905869,0.1404290497303009,3.5501797199249268
80,train,model.layers.22.self_attn.v_proj,0.11723618023097515,0.16311579570174217,1.374596357345581
80,train,model.layers.22.self_attn.o_proj,0.016367888543754816,0.03468533419072628,3.6979782581329346
80,train,model.layers.22.mlp.gate_proj,0.09193795546889305,0.15926961973309517,5.1762003898620605
80,train,model.layers.22.mlp.up_proj,0.09718332998454571,0.18114859983325005,9.572236061096191
80,train,model.layers.22.mlp.down_proj,0.11185171082615852,0.234737241640687,10.192106246948242
80,train,model.layers.23.self_attn.q_proj,0.08341403864324093,0.16659104265272617,5.412534236907959
80,train,model.layers.23.self_attn.k_proj,0.07846303936094046,0.15162898413836956,2.787630558013916
80,train,model.layers.23.self_attn.v_proj,0.12501714751124382,0.19635771587491035,2.933879852294922
80,train,model.layers.23.self_attn.o_proj,0.027396420016884804,0.07685346901416779,7.233932018280029
80,train,model.layers.23.mlp.gate_proj,0.11724565550684929,0.22606049664318562,9.464401245117188
80,train,model.layers.23.mlp.up_proj,0.11758842319250107,0.23578716069459915,10.36276626586914
80,train,model.layers.23.mlp.down_proj,0.17858993634581566,0.4843164049088955,26.26449203491211
80,train,lm_head,0.14132175967097282,0.17640466801822186,1.095117211341858
80,eval,model.layers.0.self_attn.q_proj,0.009157177526503801,0.016501490026712418,0.21982574462890625
80,eval,model.layers.0.self_attn.k_proj,0.024845072999596596,0.052329046651721,0.44354248046875
80,eval,model.layers.0.self_attn.v_proj,0.0006014975951984525,0.0007961938390508294,0.005290195345878601
80,eval,model.layers.0.self_attn.o_proj,0.00039785163244232535,0.0006216171605046839,0.024316400289535522
80,eval,model.layers.0.mlp.gate_proj,0.015090880449861288,0.021573812700808048,0.5944104194641113
80,eval,model.layers.0.mlp.up_proj,0.00881921872496605,0.011480814311653376,0.18513751029968262
80,eval,model.layers.0.mlp.down_proj,0.004248936427757144,0.005689672194421291,0.09123265743255615
80,eval,model.layers.1.self_attn.q_proj,0.023282776586711407,0.032787445932626724,0.282723069190979
80,eval,model.layers.1.self_attn.k_proj,0.03824616223573685,0.06032508425414562,0.5509033203125
80,eval,model.layers.1.self_attn.v_proj,0.0070120966993272305,0.00894075632095337,0.05200812220573425
80,eval,model.layers.1.self_attn.o_proj,0.0026624847669154406,0.0036134738475084305,0.048772573471069336
80,eval,model.layers.1.mlp.gate_proj,0.021268317475914955,0.027738709934055805,0.43258166313171387
80,eval,model.layers.1.mlp.up_proj,0.014307738747447729,0.018134155310690403,0.11789166927337646
80,eval,model.layers.1.mlp.down_proj,0.00659808493219316,0.008459722623229027,0.10406780242919922
80,eval,model.layers.2.self_attn.q_proj,0.023725326173007488,0.03232582472264767,0.23013830184936523
80,eval,model.layers.2.self_attn.k_proj,0.03599860891699791,0.04796392843127251,0.3076133728027344
80,eval,model.layers.2.self_attn.v_proj,0.009722399525344372,0.012514384463429451,0.07186797261238098
80,eval,model.layers.2.self_attn.o_proj,0.0030647539533674717,0.004144002217799425,0.07534909248352051
80,eval,model.layers.2.mlp.gate_proj,0.027267794124782085,0.03487216867506504,0.46530723571777344
80,eval,model.layers.2.mlp.up_proj,0.018885855562984943,0.024515686556696892,1.6465606689453125
80,eval,model.layers.2.mlp.down_proj,0.012015035841614008,0.09036789834499359,13.8724365234375
80,eval,model.layers.3.self_attn.q_proj,0.026777736842632294,0.03829083405435085,0.3393263816833496
80,eval,model.layers.3.self_attn.k_proj,0.03662639670073986,0.05041293054819107,0.3162198066711426
80,eval,model.layers.3.self_attn.v_proj,0.019489712081849575,0.025425823405385017,0.11330442130565643
80,eval,model.layers.3.self_attn.o_proj,0.0023837859043851495,0.0034641000675037503,0.03301113843917847
80,eval,model.layers.3.mlp.gate_proj,0.03202001936733723,0.04156544432044029,0.25560569763183594
80,eval,model.layers.3.mlp.up_proj,0.024111252278089523,0.03134465031325817,0.27158021926879883
80,eval,model.layers.3.mlp.down_proj,0.013752712868154049,0.07035427540540695,8.83837890625
80,eval,model.layers.4.self_attn.q_proj,0.03166971541941166,0.04344820976257324,0.2998405694961548
80,eval,model.layers.4.self_attn.k_proj,0.03897635266184807,0.05224236473441124,0.23966598510742188
80,eval,model.layers.4.self_attn.v_proj,0.030361760407686234,0.040658822283148766,0.178580641746521
80,eval,model.layers.4.self_attn.o_proj,0.003915724926628172,0.0057832407765090466,0.058794260025024414
80,eval,model.layers.4.mlp.gate_proj,0.03931371681392193,0.05285811424255371,0.5708190202713013
80,eval,model.layers.4.mlp.up_proj,0.029817198403179646,0.03923432715237141,0.24636268615722656
80,eval,model.layers.4.mlp.down_proj,0.01663193292915821,0.022399122826755047,0.3606433868408203
80,eval,model.layers.5.self_attn.q_proj,0.04013257101178169,0.057409998029470444,0.5757274627685547
80,eval,model.layers.5.self_attn.k_proj,0.04742983356118202,0.06679235026240349,0.3633080720901489
80,eval,model.layers.5.self_attn.v_proj,0.03744455799460411,0.05080908536911011,0.21381981670856476
80,eval,model.layers.5.self_attn.o_proj,0.0035640239948406816,0.0054319435730576515,0.08570492267608643
80,eval,model.layers.5.mlp.gate_proj,0.056683773174881935,0.07734335213899612,0.5728955268859863
80,eval,model.layers.5.mlp.up_proj,0.037260862067341805,0.04968402907252312,0.32118654251098633
80,eval,model.layers.5.mlp.down_proj,0.019461777061223984,0.026837030425667763,0.22696352005004883
80,eval,model.layers.6.self_attn.q_proj,0.04073343053460121,0.05954701267182827,0.602785587310791
80,eval,model.layers.6.self_attn.k_proj,0.054659947752952576,0.07870599254965782,0.5111970901489258
80,eval,model.layers.6.self_attn.v_proj,0.03257427364587784,0.0455597136169672,0.26978981494903564
80,eval,model.layers.6.self_attn.o_proj,0.0037533873692154884,0.005480059655383229,0.12005811184644699
80,eval,model.layers.6.mlp.gate_proj,0.048733996227383614,0.06622141599655151,0.5067830085754395
80,eval,model.layers.6.mlp.up_proj,0.04016435518860817,0.05433379113674164,0.39230823516845703
80,eval,model.layers.6.mlp.down_proj,0.024735653772950172,0.034664236940443516,0.23066021502017975
80,eval,model.layers.7.self_attn.q_proj,0.049509886652231216,0.07080724090337753,0.755915641784668
80,eval,model.layers.7.self_attn.k_proj,0.06331844441592693,0.0891350768506527,0.42464542388916016
80,eval,model.layers.7.self_attn.v_proj,0.045415837317705154,0.06404843181371689,0.34478890895843506
80,eval,model.layers.7.self_attn.o_proj,0.00428697990719229,0.0062913051806390285,0.09659302234649658
80,eval,model.layers.7.mlp.gate_proj,0.054449157789349556,0.07609724253416061,0.6251578330993652
80,eval,model.layers.7.mlp.up_proj,0.049445437267422676,0.06921372190117836,0.6017367839813232
80,eval,model.layers.7.mlp.down_proj,0.028830097056925297,0.04143016040325165,0.41593921184539795
80,eval,model.layers.8.self_attn.q_proj,0.056470874696969986,0.100581094622612,3.7943687438964844
80,eval,model.layers.8.self_attn.k_proj,0.0737663172185421,0.11107347160577774,1.069580078125
80,eval,model.layers.8.self_attn.v_proj,0.04471072554588318,0.06437370181083679,0.4325631856918335
80,eval,model.layers.8.self_attn.o_proj,0.00394019391387701,0.006639491766691208,0.14653968811035156
80,eval,model.layers.8.mlp.gate_proj,0.05509843863546848,0.07860792800784111,0.8932192921638489
80,eval,model.layers.8.mlp.up_proj,0.04898444935679436,0.06918341666460037,0.7941473126411438
80,eval,model.layers.8.mlp.down_proj,0.028321084566414356,0.042139219120144844,0.5968596935272217
80,eval,model.layers.9.self_attn.q_proj,0.06495768576860428,0.10072096809744835,1.0064563751220703
80,eval,model.layers.9.self_attn.k_proj,0.08910638093948364,0.14203643053770065,0.9541788101196289
80,eval,model.layers.9.self_attn.v_proj,0.05872293561697006,0.08380210027098656,0.48575517535209656
80,eval,model.layers.9.self_attn.o_proj,0.0030221695778891444,0.004858815344050527,0.1134645938873291
80,eval,model.layers.9.mlp.gate_proj,0.05693028308451176,0.08220028132200241,0.8686182498931885
80,eval,model.layers.9.mlp.up_proj,0.0534757636487484,0.07710439339280128,0.8563525676727295
80,eval,model.layers.9.mlp.down_proj,0.029416379518806934,0.04399239830672741,0.5889759063720703
80,eval,model.layers.10.self_attn.q_proj,0.06291457824409008,0.09544738382101059,0.7925843000411987
80,eval,model.layers.10.self_attn.k_proj,0.07403251901268959,0.11132002621889114,0.7393235564231873
80,eval,model.layers.10.self_attn.v_proj,0.07327760010957718,0.10582588613033295,0.577025294303894
80,eval,model.layers.10.self_attn.o_proj,0.004218147136271,0.006718045799061656,0.13641715049743652
80,eval,model.layers.10.mlp.gate_proj,0.058891963213682175,0.08652296289801598,0.9547111988067627
80,eval,model.layers.10.mlp.up_proj,0.052882324904203415,0.07632299140095711,0.8928310871124268
80,eval,model.layers.10.mlp.down_proj,0.028585417196154594,0.04360168054699898,0.5684266090393066
80,eval,model.layers.11.self_attn.q_proj,0.0799877904355526,0.12643883004784584,0.9985108375549316
80,eval,model.layers.11.self_attn.k_proj,0.09757771715521812,0.15773427486419678,1.1649284362792969
80,eval,model.layers.11.self_attn.v_proj,0.0647955872118473,0.09274348244071007,0.4551679790019989
80,eval,model.layers.11.self_attn.o_proj,0.002811851562000811,0.0045548336347565055,0.08786296844482422
80,eval,model.layers.11.mlp.gate_proj,0.05926263891160488,0.086965661495924,1.004345417022705
80,eval,model.layers.11.mlp.up_proj,0.058061785995960236,0.08451398834586143,0.7845300436019897
80,eval,model.layers.11.mlp.down_proj,0.028622492216527462,0.0434602964669466,0.959322452545166
80,eval,model.layers.12.self_attn.q_proj,0.07733228802680969,0.1206594742834568,1.2263498306274414
80,eval,model.layers.12.self_attn.k_proj,0.08848710358142853,0.1345473676919937,0.8003647327423096
80,eval,model.layers.12.self_attn.v_proj,0.08535747975111008,0.12559451907873154,0.8352198600769043
80,eval,model.layers.12.self_attn.o_proj,0.0040301112458109856,0.006452879635617137,0.11951873451471329
80,eval,model.layers.12.mlp.gate_proj,0.061076223850250244,0.09180208668112755,1.159644603729248
80,eval,model.layers.12.mlp.up_proj,0.05985112860798836,0.08781366422772408,0.887236475944519
80,eval,model.layers.12.mlp.down_proj,0.03155219368636608,0.048159245401620865,0.4125344157218933
80,eval,model.layers.13.self_attn.q_proj,0.09183181077241898,0.14870421588420868,1.3534132242202759
80,eval,model.layers.13.self_attn.k_proj,0.09830443561077118,0.15149006247520447,1.06963312625885
80,eval,model.layers.13.self_attn.v_proj,0.08381003141403198,0.12341263517737389,0.8798625469207764
80,eval,model.layers.13.self_attn.o_proj,0.0025714841904118657,0.004253125167451799,0.0584944486618042
80,eval,model.layers.13.mlp.gate_proj,0.06481441110372543,0.0986677035689354,1.8259738683700562
80,eval,model.layers.13.mlp.up_proj,0.0672752894461155,0.10020696371793747,0.8950843811035156
80,eval,model.layers.13.mlp.down_proj,0.03654471971094608,0.0567447729408741,0.5726654529571533
80,eval,model.layers.14.self_attn.q_proj,0.09865277260541916,0.1595378741621971,1.568181037902832
80,eval,model.layers.14.self_attn.k_proj,0.09876496344804764,0.1540859341621399,0.9647171497344971
80,eval,model.layers.14.self_attn.v_proj,0.09564414992928505,0.1406170278787613,0.8348162174224854
80,eval,model.layers.14.self_attn.o_proj,0.004460877389647067,0.007975666783750057,0.1567988395690918
80,eval,model.layers.14.mlp.gate_proj,0.06788446381688118,0.10324441269040108,1.2593789100646973
80,eval,model.layers.14.mlp.up_proj,0.06717275083065033,0.10080378130078316,1.1151233911514282
80,eval,model.layers.14.mlp.down_proj,0.04573594219982624,0.07447704300284386,0.8141024112701416
80,eval,model.layers.15.self_attn.q_proj,0.0928368978202343,0.14787638187408447,1.329569697380066
80,eval,model.layers.15.self_attn.k_proj,0.09584246203303337,0.1488022804260254,1.1254487037658691
80,eval,model.layers.15.self_attn.v_proj,0.07819876819849014,0.1154756247997284,0.6287644505500793
80,eval,model.layers.15.self_attn.o_proj,0.0034929433604702353,0.006081107305362821,0.09265506267547607
80,eval,model.layers.15.mlp.gate_proj,0.0712801106274128,0.1080852709710598,1.8779646158218384
80,eval,model.layers.15.mlp.up_proj,0.0708235576748848,0.10643181949853897,1.3510994911193848
80,eval,model.layers.15.mlp.down_proj,0.04192226938903332,0.0645575225353241,0.728671669960022
80,eval,model.layers.16.self_attn.q_proj,0.09333420544862747,0.15965178608894348,2.4760608673095703
80,eval,model.layers.16.self_attn.k_proj,0.10412993282079697,0.16030868142843246,0.9815807342529297
80,eval,model.layers.16.self_attn.v_proj,0.0644147340208292,0.09288163110613823,0.4881078004837036
80,eval,model.layers.16.self_attn.o_proj,0.002404189668595791,0.0039693041471764445,0.08061227202415466
80,eval,model.layers.16.mlp.gate_proj,0.0773351900279522,0.11692960932850838,1.6013445854187012
80,eval,model.layers.16.mlp.up_proj,0.07014138624072075,0.10474111139774323,1.1302499771118164
80,eval,model.layers.16.mlp.down_proj,0.04610326327383518,0.06974372267723083,1.233053207397461
80,eval,model.layers.17.self_attn.q_proj,0.09308492764830589,0.14883814007043839,1.624363899230957
80,eval,model.layers.17.self_attn.k_proj,0.09510386362671852,0.15233855694532394,1.2435555458068848
80,eval,model.layers.17.self_attn.v_proj,0.07670919597148895,0.1136104203760624,0.6437880992889404
80,eval,model.layers.17.self_attn.o_proj,0.003413531929254532,0.005351860309019685,0.06585881114006042
80,eval,model.layers.17.mlp.gate_proj,0.0970756858587265,0.14790253341197968,1.7278318405151367
80,eval,model.layers.17.mlp.up_proj,0.08159184455871582,0.12308968976140022,0.9477755427360535
80,eval,model.layers.17.mlp.down_proj,0.05758878402411938,0.08936917036771774,1.593353271484375
80,eval,model.layers.18.self_attn.q_proj,0.0843777097761631,0.13201702386140823,1.2742972373962402
80,eval,model.layers.18.self_attn.k_proj,0.08951413258910179,0.13586997985839844,0.8647552728652954
80,eval,model.layers.18.self_attn.v_proj,0.08235744386911392,0.12164803594350815,0.7390223741531372
80,eval,model.layers.18.self_attn.o_proj,0.004037893493659794,0.007053370820358396,0.19025781750679016
80,eval,model.layers.18.mlp.gate_proj,0.08720806241035461,0.13149483501911163,1.6060376167297363
80,eval,model.layers.18.mlp.up_proj,0.08086299896240234,0.12090800330042839,0.9728862047195435
80,eval,model.layers.18.mlp.down_proj,0.0583847276866436,0.09241796284914017,1.082320213317871
80,eval,model.layers.19.self_attn.q_proj,0.08301443234086037,0.13338284939527512,1.3207815885543823
80,eval,model.layers.19.self_attn.k_proj,0.08840163797140121,0.13345231860876083,0.7698943614959717
80,eval,model.layers.19.self_attn.v_proj,0.08649257943034172,0.12863505631685257,0.9071182608604431
80,eval,model.layers.19.self_attn.o_proj,0.0049368704203516245,0.008199945790693164,0.09209388494491577
80,eval,model.layers.19.mlp.gate_proj,0.09699039161205292,0.14731144905090332,1.295024037361145
80,eval,model.layers.19.mlp.up_proj,0.09141933545470238,0.13747429847717285,1.190077304840088
80,eval,model.layers.19.mlp.down_proj,0.0717695765197277,0.11148340255022049,1.5807676315307617
80,eval,model.layers.20.self_attn.q_proj,0.09210410714149475,0.14916861802339554,1.7201099395751953
80,eval,model.layers.20.self_attn.k_proj,0.08787422627210617,0.13832032680511475,1.033084750175476
80,eval,model.layers.20.self_attn.v_proj,0.09928787127137184,0.14531122148036957,1.0371423959732056
80,eval,model.layers.20.self_attn.o_proj,0.007542013190686703,0.012140056118369102,0.1995450258255005
80,eval,model.layers.20.mlp.gate_proj,0.09905539825558662,0.15153206139802933,1.8748414516448975
80,eval,model.layers.20.mlp.up_proj,0.09826551750302315,0.14810194075107574,1.563272476196289
80,eval,model.layers.20.mlp.down_proj,0.08585456386208534,0.13317622244358063,2.4569649696350098
80,eval,model.layers.21.self_attn.q_proj,0.07842666283249855,0.1247338280081749,1.0348072052001953
80,eval,model.layers.21.self_attn.k_proj,0.07416403293609619,0.11573408916592598,0.8693914413452148
80,eval,model.layers.21.self_attn.v_proj,0.17831102013587952,0.25927000492811203,1.6110875606536865
80,eval,model.layers.21.self_attn.o_proj,0.007104671327397227,0.013719539158046246,0.5533480644226074
80,eval,model.layers.21.mlp.gate_proj,0.09933701902627945,0.14935890585184097,3.261119842529297
80,eval,model.layers.21.mlp.up_proj,0.09848572313785553,0.1478923186659813,4.092319488525391
80,eval,model.layers.21.mlp.down_proj,0.08735219016671181,0.1875348836183548,21.140869140625
80,eval,model.layers.22.self_attn.q_proj,0.08464837074279785,0.13582533970475197,2.0578765869140625
80,eval,model.layers.22.self_attn.k_proj,0.07539698481559753,0.11910504847764969,1.363816499710083
80,eval,model.layers.22.self_attn.v_proj,0.11870192363858223,0.160015307366848,0.7893573045730591
80,eval,model.layers.22.self_attn.o_proj,0.021559065207839012,0.04532955586910248,1.993816614151001
80,eval,model.layers.22.mlp.gate_proj,0.09765532612800598,0.14772871136665344,2.268092155456543
80,eval,model.layers.22.mlp.up_proj,0.10148360952734947,0.15834877640008926,4.071563243865967
80,eval,model.layers.22.mlp.down_proj,0.11530553922057152,0.1966928318142891,2.6007156372070312
80,eval,model.layers.23.self_attn.q_proj,0.0846150852739811,0.14108746126294136,2.1830718517303467
80,eval,model.layers.23.self_attn.k_proj,0.07691451534628868,0.12676406279206276,1.6396477222442627
80,eval,model.layers.23.self_attn.v_proj,0.12938560545444489,0.1805952787399292,1.3375591039657593
80,eval,model.layers.23.self_attn.o_proj,0.026349988766014576,0.06472794339060783,5.7635064125061035
80,eval,model.layers.23.mlp.gate_proj,0.1211516223847866,0.1946367621421814,4.204947471618652
80,eval,model.layers.23.mlp.up_proj,0.11998772993683815,0.19887226074934006,6.479816436767578
80,eval,model.layers.23.mlp.down_proj,0.20968692004680634,0.5411266833543777,26.26449203491211
80,eval,lm_head,0.1560329832136631,0.1969480961561203,1.3835391998291016
90,train,model.layers.0.self_attn.q_proj,0.008927683345973492,0.016254595946520567,0.23973846435546875
90,train,model.layers.0.self_attn.k_proj,0.024722394533455372,0.05191022343933582,0.4442901611328125
90,train,model.layers.0.self_attn.v_proj,0.0005993122031213716,0.0007934188179206103,0.005291968584060669
90,train,model.layers.0.self_attn.o_proj,0.0004973241957486607,0.0008062103734118864,0.03174096345901489
90,train,model.layers.0.mlp.gate_proj,0.016465835506096482,0.023380585480481386,0.47874021530151367
90,train,model.layers.0.mlp.up_proj,0.0093277080450207,0.012283359421417117,0.21695566177368164
90,train,model.layers.0.mlp.down_proj,0.004573761369101703,0.006166370934806764,0.10213136672973633
90,train,model.layers.1.self_attn.q_proj,0.024863445665687323,0.035204144194722176,0.3923177719116211
90,train,model.layers.1.self_attn.k_proj,0.04024738911539316,0.06071055494248867,0.5289306640625
90,train,model.layers.1.self_attn.v_proj,0.007520323735661805,0.009653354296460748,0.04983393847942352
90,train,model.layers.1.self_attn.o_proj,0.0027429001638665795,0.0036803060793317854,0.04567435383796692
90,train,model.layers.1.mlp.gate_proj,0.022556051146239042,0.02958078682422638,0.44910097122192383
90,train,model.layers.1.mlp.up_proj,0.015228838892653584,0.0194579865783453,0.15957769751548767
90,train,model.layers.1.mlp.down_proj,0.006837521796114743,0.00887958868406713,0.08338165283203125
90,train,model.layers.2.self_attn.q_proj,0.024757276754826307,0.033888064324855804,0.24540841579437256
90,train,model.layers.2.self_attn.k_proj,0.037035672925412655,0.04919695295393467,0.250762939453125
90,train,model.layers.2.self_attn.v_proj,0.010107826674357057,0.013024883577600121,0.06881225109100342
90,train,model.layers.2.self_attn.o_proj,0.003051637962926179,0.004159274511039257,0.09569180011749268
90,train,model.layers.2.mlp.gate_proj,0.028163479175418615,0.03621549624949694,0.7159547805786133
90,train,model.layers.2.mlp.up_proj,0.019718661438673735,0.025645956862717867,1.64630126953125
90,train,model.layers.2.mlp.down_proj,0.011494765058159828,0.0663169682957232,13.86480712890625
90,train,model.layers.3.self_attn.q_proj,0.028089990839362144,0.04024674277752638,0.41905927658081055
90,train,model.layers.3.self_attn.k_proj,0.039228315465152264,0.05415141023695469,0.32222890853881836
90,train,model.layers.3.self_attn.v_proj,0.019377554766833782,0.025470285676419735,0.12180741131305695
90,train,model.layers.3.self_attn.o_proj,0.0024959861766546965,0.0036805617273785174,0.043872058391571045
90,train,model.layers.3.mlp.gate_proj,0.033386492636054754,0.04341850709170103,0.27852439880371094
90,train,model.layers.3.mlp.up_proj,0.025069482158869505,0.03269722871482372,0.3505544662475586
90,train,model.layers.3.mlp.down_proj,0.014460944337770343,0.07801908999681473,10.9971923828125
90,train,model.layers.4.self_attn.q_proj,0.033794968854635954,0.04666565731167793,0.3495151996612549
90,train,model.layers.4.self_attn.k_proj,0.04152804892510176,0.056091874837875366,0.3384857177734375
90,train,model.layers.4.self_attn.v_proj,0.03222129913046956,0.0430199196562171,0.2523351311683655
90,train,model.layers.4.self_attn.o_proj,0.004346325993537903,0.0063216270646080375,0.09410417079925537
90,train,model.layers.4.mlp.gate_proj,0.040736058726906776,0.05471253488212824,0.6617043018341064
90,train,model.layers.4.mlp.up_proj,0.031213905196636915,0.041112618520855904,0.2886422872543335
90,train,model.layers.4.mlp.down_proj,0.016984749818220735,0.02296121697872877,0.3769707679748535
90,train,model.layers.5.self_attn.q_proj,0.041166940703988075,0.05829124432057142,0.7393074035644531
90,train,model.layers.5.self_attn.k_proj,0.04886634275317192,0.06756877806037664,0.4961581230163574
90,train,model.layers.5.self_attn.v_proj,0.03811416123062372,0.05089785251766443,0.2827185392379761
90,train,model.layers.5.self_attn.o_proj,0.0043081314652226865,0.00630585290491581,0.15142369270324707
90,train,model.layers.5.mlp.gate_proj,0.056938416324555874,0.0775151364505291,0.6502081751823425
90,train,model.layers.5.mlp.up_proj,0.037958767265081406,0.05039641074836254,0.3707495927810669
90,train,model.layers.5.mlp.down_proj,0.019657045602798462,0.026746686082333326,0.2208540439605713
90,train,model.layers.6.self_attn.q_proj,0.041431378573179245,0.0602228669449687,0.665092945098877
90,train,model.layers.6.self_attn.k_proj,0.05408777855336666,0.07570807076990604,0.5282583236694336
90,train,model.layers.6.self_attn.v_proj,0.03279632329940796,0.04491895250976086,0.30048519372940063
90,train,model.layers.6.self_attn.o_proj,0.004551888967398554,0.006703277816995978,0.11529955267906189
90,train,model.layers.6.mlp.gate_proj,0.04717140831053257,0.06406532973051071,0.7437571287155151
90,train,model.layers.6.mlp.up_proj,0.039979852735996246,0.05400956887751818,0.46957826614379883
90,train,model.layers.6.mlp.down_proj,0.02262711711227894,0.03129645390436053,0.2556334137916565
90,train,model.layers.7.self_attn.q_proj,0.04758589435368776,0.06702026911079884,0.5948981046676636
90,train,model.layers.7.self_attn.k_proj,0.05951533932238817,0.08305235393345356,0.6103585958480835
90,train,model.layers.7.self_attn.v_proj,0.03989131189882755,0.05504011083394289,0.42529821395874023
90,train,model.layers.7.self_attn.o_proj,0.004223302588798106,0.006179073941893876,0.1577397882938385
90,train,model.layers.7.mlp.gate_proj,0.05013396684080362,0.06956174410879612,0.7618190050125122
90,train,model.layers.7.mlp.up_proj,0.04561974760144949,0.06316808145493269,0.6714434623718262
90,train,model.layers.7.mlp.down_proj,0.027740151155740023,0.039458364713937044,0.4762941300868988
90,train,model.layers.8.self_attn.q_proj,0.05621949303895235,0.1072732973843813,4.2267608642578125
90,train,model.layers.8.self_attn.k_proj,0.07017625030130148,0.10448773391544819,1.053253173828125
90,train,model.layers.8.self_attn.v_proj,0.04331048019230366,0.06159045360982418,0.589587390422821
90,train,model.layers.8.self_attn.o_proj,0.004834553285036236,0.008103615371510386,0.2371375858783722
90,train,model.layers.8.mlp.gate_proj,0.05254288110882044,0.07399832271039486,1.1170687675476074
90,train,model.layers.8.mlp.up_proj,0.04657140281051397,0.06477088294923306,0.7228198647499084
90,train,model.layers.8.mlp.down_proj,0.02748044114559889,0.03989215334877372,0.3759903907775879
90,train,model.layers.9.self_attn.q_proj,0.0643240362405777,0.09677599370479584,1.1873596906661987
90,train,model.layers.9.self_attn.k_proj,0.08585985563695431,0.13739490509033203,1.6782320737838745
90,train,model.layers.9.self_attn.v_proj,0.056555925868451595,0.07890613470226526,0.576340913772583
90,train,model.layers.9.self_attn.o_proj,0.003157217870466411,0.0049167698016390204,0.0836946964263916
90,train,model.layers.9.mlp.gate_proj,0.05575394816696644,0.07933418359607458,0.8891801834106445
90,train,model.layers.9.mlp.up_proj,0.05170162953436375,0.07306564413011074,0.9206384420394897
90,train,model.layers.9.mlp.down_proj,0.028112466912716627,0.041504773776978254,0.9189395904541016
90,train,model.layers.10.self_attn.q_proj,0.06047469191253185,0.08961043134331703,1.226013422012329
90,train,model.layers.10.self_attn.k_proj,0.06963929161429405,0.10218141041696072,1.0798624753952026
90,train,model.layers.10.self_attn.v_proj,0.06963549088686705,0.0971324797719717,0.8985299468040466
90,train,model.layers.10.self_attn.o_proj,0.005213969270698726,0.007971984683535993,0.2781856060028076
90,train,model.layers.10.mlp.gate_proj,0.056840596720576286,0.08200012519955635,1.1220872402191162
90,train,model.layers.10.mlp.up_proj,0.0504846666008234,0.07131222076714039,0.922966718673706
90,train,model.layers.10.mlp.down_proj,0.026440788526088,0.039307328406721354,0.788149356842041
90,train,model.layers.11.self_attn.q_proj,0.07331438735127449,0.11633305810391903,1.5279045104980469
90,train,model.layers.11.self_attn.k_proj,0.09658556990325451,0.16047745011746883,1.6288299560546875
90,train,model.layers.11.self_attn.v_proj,0.06192315276712179,0.08803694322705269,0.8709458112716675
90,train,model.layers.11.self_attn.o_proj,0.003011854598298669,0.004933721967972815,0.13678503036499023
90,train,model.layers.11.mlp.gate_proj,0.056325034238398075,0.08083789702504873,0.8859908580780029
90,train,model.layers.11.mlp.up_proj,0.05542225670069456,0.07904419768601656,1.2232023477554321
90,train,model.layers.11.mlp.down_proj,0.02706654742360115,0.03998100757598877,1.0814417600631714
90,train,model.layers.12.self_attn.q_proj,0.07165839895606041,0.10818854905664921,1.4136159420013428
90,train,model.layers.12.self_attn.k_proj,0.07623801287263632,0.1120506152510643,0.8126291036605835
90,train,model.layers.12.self_attn.v_proj,0.0783264422789216,0.11338085122406483,0.7454754710197449
90,train,model.layers.12.self_attn.o_proj,0.004905791662167758,0.007392390049062669,0.09914270043373108
90,train,model.layers.12.mlp.gate_proj,0.056764693930745125,0.0831562727689743,1.3718918561935425
90,train,model.layers.12.mlp.up_proj,0.055829932913184166,0.07968684751540422,1.010162115097046
90,train,model.layers.12.mlp.down_proj,0.02916047116741538,0.04340919805690646,0.9255127310752869
90,train,model.layers.13.self_attn.q_proj,0.08458619005978107,0.13512929528951645,1.5292270183563232
90,train,model.layers.13.self_attn.k_proj,0.09227529540657997,0.13838841021060944,1.4013776779174805
90,train,model.layers.13.self_attn.v_proj,0.07563849352300167,0.1085121389478445,0.6376720666885376
90,train,model.layers.13.self_attn.o_proj,0.0036366650310810655,0.0056444809306412935,0.1253824234008789
90,train,model.layers.13.mlp.gate_proj,0.06048445217311382,0.08928343653678894,1.6639372110366821
90,train,model.layers.13.mlp.up_proj,0.06229620799422264,0.09038348123431206,1.2610937356948853
90,train,model.layers.13.mlp.down_proj,0.03320081438869238,0.04955044388771057,0.8044533729553223
90,train,model.layers.14.self_attn.q_proj,0.08506940118968487,0.13079997152090073,1.90704345703125
90,train,model.layers.14.self_attn.k_proj,0.08774705976247787,0.13391727022826672,1.5827860832214355
90,train,model.layers.14.self_attn.v_proj,0.08705489337444305,0.12422564625740051,1.0935654640197754
90,train,model.layers.14.self_attn.o_proj,0.0060217639547772706,0.01000898377969861,0.33078277111053467
90,train,model.layers.14.mlp.gate_proj,0.060964674688875675,0.09020156413316727,1.318155288696289
90,train,model.layers.14.mlp.up_proj,0.060216594487428665,0.08703086245805025,0.8946252465248108
90,train,model.layers.14.mlp.down_proj,0.037876585964113474,0.05816516559571028,0.751781702041626
90,train,model.layers.15.self_attn.q_proj,0.08403097931295633,0.1274578757584095,1.6216068267822266
90,train,model.layers.15.self_attn.k_proj,0.0861847922205925,0.1306263506412506,1.186488151550293
90,train,model.layers.15.self_attn.v_proj,0.07081463653594255,0.10162627510726452,0.798050582408905
90,train,model.layers.15.self_attn.o_proj,0.004175999783910811,0.006910222815349698,0.20952165126800537
90,train,model.layers.15.mlp.gate_proj,0.06342542823404074,0.0919820461422205,1.2843670845031738
90,train,model.layers.15.mlp.up_proj,0.06379755772650242,0.09210780821740627,1.5493260622024536
90,train,model.layers.15.mlp.down_proj,0.03780552884563804,0.05570190493017435,1.3508844375610352
90,train,model.layers.16.self_attn.q_proj,0.08483781293034554,0.1371715273708105,1.3650695085525513
90,train,model.layers.16.self_attn.k_proj,0.09791823849081993,0.15090538747608662,1.3968849182128906
90,train,model.layers.16.self_attn.v_proj,0.05705804564058781,0.07983165234327316,0.6605145931243896
90,train,model.layers.16.self_attn.o_proj,0.0033649123506620526,0.006249708996620029,0.25951194763183594
90,train,model.layers.16.mlp.gate_proj,0.06827165465801954,0.09871509112417698,1.0767935514450073
90,train,model.layers.16.mlp.up_proj,0.06210829224437475,0.08927905187010765,1.362475037574768
90,train,model.layers.16.mlp.down_proj,0.041668720077723265,0.06044461578130722,1.406517505645752
90,train,model.layers.17.self_attn.q_proj,0.08367495518177748,0.1274727936834097,1.671212911605835
90,train,model.layers.17.self_attn.k_proj,0.08299144543707371,0.12791074067354202,1.0809907913208008
90,train,model.layers.17.self_attn.v_proj,0.06911766715347767,0.09845520183444023,0.7260720133781433
90,train,model.layers.17.self_attn.o_proj,0.004670482594519854,0.007664018077775836,0.17329251766204834
90,train,model.layers.17.mlp.gate_proj,0.0844854386523366,0.123437425121665,2.036219596862793
90,train,model.layers.17.mlp.up_proj,0.07176311779767275,0.10367142409086227,1.0317524671554565
90,train,model.layers.17.mlp.down_proj,0.05025145225226879,0.07520125899463892,1.6202921867370605
90,train,model.layers.18.self_attn.q_proj,0.07657862268388271,0.11468643322587013,1.4277243614196777
90,train,model.layers.18.self_attn.k_proj,0.08019825629889965,0.11708669550716877,0.946807861328125
90,train,model.layers.18.self_attn.v_proj,0.07475218083709478,0.10570155829191208,0.7535366415977478
90,train,model.layers.18.self_attn.o_proj,0.005198305414523929,0.008896958199329674,0.16329461336135864
90,train,model.layers.18.mlp.gate_proj,0.07704357616603374,0.11194582283496857,1.4584213495254517
90,train,model.layers.18.mlp.up_proj,0.0709765600040555,0.10190083272755146,0.9658419489860535
90,train,model.layers.18.mlp.down_proj,0.05152617394924164,0.07687217090278864,0.7180557250976562
90,train,model.layers.19.self_attn.q_proj,0.07416811864823103,0.11391168460249901,1.2259703874588013
90,train,model.layers.19.self_attn.k_proj,0.07814040128141642,0.11310259625315666,1.0058095455169678
90,train,model.layers.19.self_attn.v_proj,0.07812068052589893,0.11137439496815205,0.9391012787818909
90,train,model.layers.19.self_attn.o_proj,0.005878552736248821,0.009889889974147081,0.1691187173128128
90,train,model.layers.19.mlp.gate_proj,0.08560288231819868,0.12542633712291718,1.790783405303955
90,train,model.layers.19.mlp.up_proj,0.08164429292082787,0.11827166937291622,1.1924453973770142
90,train,model.layers.19.mlp.down_proj,0.06466132216155529,0.09596019610762596,1.2558610439300537
90,train,model.layers.20.self_attn.q_proj,0.08037225157022476,0.12236723862588406,1.4279478788375854
90,train,model.layers.20.self_attn.k_proj,0.07849605288356543,0.11797207593917847,1.14744234085083
90,train,model.layers.20.self_attn.v_proj,0.08970240317285061,0.12762167118489742,0.8822100162506104
90,train,model.layers.20.self_attn.o_proj,0.007444614777341485,0.011072264984250069,0.21233654022216797
90,train,model.layers.20.mlp.gate_proj,0.0881571639329195,0.12872128747403622,1.8420772552490234
90,train,model.layers.20.mlp.up_proj,0.08710304647684097,0.12597115524113178,1.3627879619598389
90,train,model.layers.20.mlp.down_proj,0.07629566267132759,0.11316673457622528,1.7013683319091797
90,train,model.layers.21.self_attn.q_proj,0.07055664621293545,0.10703007504343987,1.2500157356262207
90,train,model.layers.21.self_attn.k_proj,0.06564031541347504,0.10106077417731285,1.0944397449493408
90,train,model.layers.21.self_attn.v_proj,0.1625240296125412,0.2366625741124153,2.0144314765930176
90,train,model.layers.21.self_attn.o_proj,0.009076334303244948,0.01674206438474357,0.5779517889022827
90,train,model.layers.21.mlp.gate_proj,0.08723278436809778,0.12702724523842335,4.759059906005859
90,train,model.layers.21.mlp.up_proj,0.08728234190493822,0.12705731019377708,6.478534698486328
90,train,model.layers.21.mlp.down_proj,0.07381544169038534,0.17969434149563313,21.25439453125
90,train,model.layers.22.self_attn.q_proj,0.08316030725836754,0.15806743688881397,4.40763521194458
90,train,model.layers.22.self_attn.k_proj,0.07450640201568604,0.13929073885083199,3.4718925952911377
90,train,model.layers.22.self_attn.v_proj,0.11702845618128777,0.16268822364509106,1.3713200092315674
90,train,model.layers.22.self_attn.o_proj,0.01611770363524556,0.03396957367658615,3.607264995574951
90,train,model.layers.22.mlp.gate_proj,0.0912060309201479,0.15717882476747036,5.073634624481201
90,train,model.layers.22.mlp.up_proj,0.0963552724570036,0.17842278443276882,9.363473892211914
90,train,model.layers.22.mlp.down_proj,0.11079190485179424,0.2309940680861473,10.155177116394043
90,train,model.layers.23.self_attn.q_proj,0.08283719047904015,0.16498584859073162,5.350149631500244
90,train,model.layers.23.self_attn.k_proj,0.07795570977032185,0.15014212392270565,2.7281765937805176
90,train,model.layers.23.self_attn.v_proj,0.1244068294763565,0.19506803154945374,2.9288330078125
90,train,model.layers.23.self_attn.o_proj,0.027053112629801035,0.07577414810657501,7.044777870178223
90,train,model.layers.23.mlp.gate_proj,0.11643093451857567,0.22358909621834755,9.313404083251953
90,train,model.layers.23.mlp.up_proj,0.11672708578407764,0.2331293821334839,10.249885559082031
90,train,model.layers.23.mlp.down_proj,0.17696242220699787,0.47739553824067116,25.74529266357422
90,train,lm_head,0.13323920592665672,0.166877007111907,1.065073013305664
90,eval,model.layers.0.self_attn.q_proj,0.009157245513051748,0.01650148257613182,0.21982574462890625
90,eval,model.layers.0.self_attn.k_proj,0.024844911880791187,0.052328888326883316,0.4435272216796875
90,eval,model.layers.0.self_attn.v_proj,0.000601491890847683,0.0007961124938447028,0.005291968584060669
90,eval,model.layers.0.self_attn.o_proj,0.00039781515079084784,0.000621719314949587,0.024326950311660767
90,eval,model.layers.0.mlp.gate_proj,0.015087469946593046,0.021570480428636074,0.5943365097045898
90,eval,model.layers.0.mlp.up_proj,0.008819086011499166,0.011480474378913641,0.18509870767593384
90,eval,model.layers.0.mlp.down_proj,0.00424817344173789,0.005688645876944065,0.0913926362991333
90,eval,model.layers.1.self_attn.q_proj,0.023275977931916714,0.03277743514627218,0.2818566560745239
90,eval,model.layers.1.self_attn.k_proj,0.038244206458330154,0.060325320810079575,0.5511932373046875
90,eval,model.layers.1.self_attn.v_proj,0.007010646630078554,0.008938888553529978,0.05200949311256409
90,eval,model.layers.1.self_attn.o_proj,0.002661596634425223,0.0036120028235018253,0.04893326759338379
90,eval,model.layers.1.mlp.gate_proj,0.02126412559300661,0.027732371352612972,0.43311190605163574
90,eval,model.layers.1.mlp.up_proj,0.014304926618933678,0.01813101302832365,0.11859819293022156
90,eval,model.layers.1.mlp.down_proj,0.006595994345843792,0.008456667885184288,0.10317587852478027
90,eval,model.layers.2.self_attn.q_proj,0.023720706813037395,0.03231904283165932,0.23016071319580078
90,eval,model.layers.2.self_attn.k_proj,0.03599665313959122,0.04796502739191055,0.3067779541015625
90,eval,model.layers.2.self_attn.v_proj,0.009718503803014755,0.012508873827755451,0.07160913944244385
90,eval,model.layers.2.self_attn.o_proj,0.0030647640815004706,0.004144500475376844,0.07530298829078674
90,eval,model.layers.2.mlp.gate_proj,0.0272628553211689,0.03486786037683487,0.46910858154296875
90,eval,model.layers.2.mlp.up_proj,0.01888102013617754,0.02451093215495348,1.64630126953125
90,eval,model.layers.2.mlp.down_proj,0.011995540466159582,0.08977615274488926,13.86480712890625
90,eval,model.layers.3.self_attn.q_proj,0.02678107190877199,0.03829660266637802,0.33979225158691406
90,eval,model.layers.3.self_attn.k_proj,0.03662834130227566,0.050423482432961464,0.31651854515075684
90,eval,model.layers.3.self_attn.v_proj,0.01948502380400896,0.025423607788980007,0.11363010108470917
90,eval,model.layers.3.self_attn.o_proj,0.002384704304859042,0.0034651708556339145,0.03315633535385132
90,eval,model.layers.3.mlp.gate_proj,0.0320148766040802,0.04155999794602394,0.25538671016693115
90,eval,model.layers.3.mlp.up_proj,0.02411032933741808,0.031343148089945316,0.27139949798583984
90,eval,model.layers.3.mlp.down_proj,0.013742557726800442,0.07014400511980057,8.767822265625
90,eval,model.layers.4.self_attn.q_proj,0.03167399112135172,0.04345628060400486,0.2997371554374695
90,eval,model.layers.4.self_attn.k_proj,0.03896944224834442,0.05223250202834606,0.23980712890625
90,eval,model.layers.4.self_attn.v_proj,0.030358130112290382,0.04065513238310814,0.17840468883514404
90,eval,model.layers.4.self_attn.o_proj,0.003913722699508071,0.005780435865744948,0.05887556076049805
90,eval,model.layers.4.mlp.gate_proj,0.03931138291954994,0.05285481549799442,0.5724266767501831
90,eval,model.layers.4.mlp.up_proj,0.029818415641784668,0.039235977455973625,0.24630171060562134
90,eval,model.layers.4.mlp.down_proj,0.016633862629532814,0.02239864692091942,0.3590860366821289
90,eval,model.layers.5.self_attn.q_proj,0.04014359042048454,0.05742307007312775,0.5734825134277344
90,eval,model.layers.5.self_attn.k_proj,0.04745011776685715,0.06680719181895256,0.361677348613739
90,eval,model.layers.5.self_attn.v_proj,0.0374496653676033,0.05081753246486187,0.21316839754581451
90,eval,model.layers.5.self_attn.o_proj,0.003564604790881276,0.005431423662230372,0.08555102348327637
90,eval,model.layers.5.mlp.gate_proj,0.056678531691432,0.07732788473367691,0.5726861953735352
90,eval,model.layers.5.mlp.up_proj,0.037262583151459694,0.04968324489891529,0.318925142288208
90,eval,model.layers.5.mlp.down_proj,0.019461527466773987,0.026832206174731255,0.228165864944458
90,eval,model.layers.6.self_attn.q_proj,0.04073481820523739,0.05954494886100292,0.6003332138061523
90,eval,model.layers.6.self_attn.k_proj,0.05467923358082771,0.07873711362481117,0.5121026039123535
90,eval,model.layers.6.self_attn.v_proj,0.03256494738161564,0.04554222524166107,0.2706802189350128
90,eval,model.layers.6.self_attn.o_proj,0.00375154591165483,0.005479710875079036,0.11993131041526794
90,eval,model.layers.6.mlp.gate_proj,0.04872587509453297,0.06620867177844048,0.5079517364501953
90,eval,model.layers.6.mlp.up_proj,0.040164826437830925,0.0543304942548275,0.3906834125518799
90,eval,model.layers.6.mlp.down_proj,0.024729711934924126,0.03465647250413895,0.22979283332824707
90,eval,model.layers.7.self_attn.q_proj,0.049508336931467056,0.070798859000206,0.756932258605957
90,eval,model.layers.7.self_attn.k_proj,0.06332069262862206,0.08911316841840744,0.4235038757324219
90,eval,model.layers.7.self_attn.v_proj,0.045417074114084244,0.06403379514813423,0.3447391986846924
90,eval,model.layers.7.self_attn.o_proj,0.004287376534193754,0.006294181104749441,0.0967872142791748
90,eval,model.layers.7.mlp.gate_proj,0.0544451791793108,0.07608447596430779,0.6239045262336731
90,eval,model.layers.7.mlp.up_proj,0.04944262653589249,0.06920506805181503,0.6017062067985535
90,eval,model.layers.7.mlp.down_proj,0.028823252767324448,0.04141592048108578,0.41405749320983887
90,eval,model.layers.8.self_attn.q_proj,0.05644754134118557,0.10049319267272949,3.77606201171875
90,eval,model.layers.8.self_attn.k_proj,0.07375099509954453,0.11103540658950806,1.0683746337890625
90,eval,model.layers.8.self_attn.v_proj,0.04469203017652035,0.064332764595747,0.431835412979126
90,eval,model.layers.8.self_attn.o_proj,0.003939241520129144,0.006638642866164446,0.146767258644104
90,eval,model.layers.8.mlp.gate_proj,0.05508711189031601,0.0785805992782116,0.8899058699607849
90,eval,model.layers.8.mlp.up_proj,0.0489773154258728,0.06916683912277222,0.790497362613678
90,eval,model.layers.8.mlp.down_proj,0.02831361908465624,0.04212025739252567,0.594901442527771
90,eval,model.layers.9.self_attn.q_proj,0.06495123729109764,0.10069822892546654,1.0082416534423828
90,eval,model.layers.9.self_attn.k_proj,0.08911468833684921,0.1420225128531456,0.95383620262146
90,eval,model.layers.9.self_attn.v_proj,0.05871469900012016,0.08378256112337112,0.48620331287384033
90,eval,model.layers.9.self_attn.o_proj,0.0030216824961826205,0.0048560211434960365,0.11288517713546753
90,eval,model.layers.9.mlp.gate_proj,0.05691850557923317,0.0821680948138237,0.8655929565429688
90,eval,model.layers.9.mlp.up_proj,0.05346919409930706,0.07707896828651428,0.8567256927490234
90,eval,model.layers.9.mlp.down_proj,0.029410933144390583,0.04397750459611416,0.5882301330566406
90,eval,model.layers.10.self_attn.q_proj,0.06290913373231888,0.09540391713380814,0.7909733057022095
90,eval,model.layers.10.self_attn.k_proj,0.07401697710156441,0.11123780161142349,0.7382798790931702
90,eval,model.layers.10.self_attn.v_proj,0.07324900478124619,0.10575513914227486,0.575148344039917
90,eval,model.layers.10.self_attn.o_proj,0.004219667054712772,0.006721236510202289,0.1356968879699707
90,eval,model.layers.10.mlp.gate_proj,0.058883748948574066,0.08649531379342079,0.9563729763031006
90,eval,model.layers.10.mlp.up_proj,0.05287693068385124,0.07629548758268356,0.8891110420227051
90,eval,model.layers.10.mlp.down_proj,0.028574855998158455,0.043575696647167206,0.5684523582458496
90,eval,model.layers.11.self_attn.q_proj,0.07997696846723557,0.1263921670615673,0.9966001510620117
90,eval,model.layers.11.self_attn.k_proj,0.09761706739664078,0.15775708854198456,1.1738739013671875
90,eval,model.layers.11.self_attn.v_proj,0.06480773165822029,0.09275073930621147,0.4546489715576172
90,eval,model.layers.11.self_attn.o_proj,0.0028085452504456043,0.004549564211629331,0.08762204647064209
90,eval,model.layers.11.mlp.gate_proj,0.059255676344037056,0.08693386986851692,1.0029981136322021
90,eval,model.layers.11.mlp.up_proj,0.05805961787700653,0.08448934927582741,0.7832056283950806
90,eval,model.layers.11.mlp.down_proj,0.028615251183509827,0.04343725927174091,0.9556753635406494
90,eval,model.layers.12.self_attn.q_proj,0.07729126885533333,0.12055020034313202,1.219792366027832
90,eval,model.layers.12.self_attn.k_proj,0.08842246606945992,0.13439279794692993,0.8012421131134033
90,eval,model.layers.12.self_attn.v_proj,0.08530011773109436,0.12547825649380684,0.8324127197265625
90,eval,model.layers.12.self_attn.o_proj,0.004031185060739517,0.006456180941313505,0.11959362030029297
90,eval,model.layers.12.mlp.gate_proj,0.06104845739901066,0.09173455834388733,1.1580724716186523
90,eval,model.layers.12.mlp.up_proj,0.05982941761612892,0.08775686845183372,0.8909717798233032
90,eval,model.layers.12.mlp.down_proj,0.03153553046286106,0.048122866079211235,0.4113137722015381
90,eval,model.layers.13.self_attn.q_proj,0.09178991615772247,0.148611918091774,1.3530175685882568
90,eval,model.layers.13.self_attn.k_proj,0.09823817014694214,0.15134701132774353,1.0691319704055786
90,eval,model.layers.13.self_attn.v_proj,0.08373843133449554,0.12327142059803009,0.8774292469024658
90,eval,model.layers.13.self_attn.o_proj,0.00257437233813107,0.0042568802600726485,0.05857658386230469
90,eval,model.layers.13.mlp.gate_proj,0.06477802619338036,0.09857680276036263,1.8139536380767822
90,eval,model.layers.13.mlp.up_proj,0.06723595410585403,0.10011269152164459,0.8974871635437012
90,eval,model.layers.13.mlp.down_proj,0.03650830313563347,0.056675711646676064,0.5750946998596191
90,eval,model.layers.14.self_attn.q_proj,0.09860657155513763,0.15939249843358994,1.5647602081298828
90,eval,model.layers.14.self_attn.k_proj,0.09868908673524857,0.15387379378080368,0.9591808319091797
90,eval,model.layers.14.self_attn.v_proj,0.09556547552347183,0.14046331495046616,0.834248423576355
90,eval,model.layers.14.self_attn.o_proj,0.004463308840058744,0.007980502909049392,0.15733122825622559
90,eval,model.layers.14.mlp.gate_proj,0.06783538684248924,0.1031269021332264,1.2583320140838623
90,eval,model.layers.14.mlp.up_proj,0.06712139397859573,0.100685004144907,1.1146976947784424
90,eval,model.layers.14.mlp.down_proj,0.04566653072834015,0.07430606707930565,0.8111066818237305
90,eval,model.layers.15.self_attn.q_proj,0.09277718886733055,0.14771737158298492,1.3275444507598877
90,eval,model.layers.15.self_attn.k_proj,0.09578587114810944,0.14862319082021713,1.1277761459350586
90,eval,model.layers.15.self_attn.v_proj,0.07813136279582977,0.11531562358140945,0.6282930374145508
90,eval,model.layers.15.self_attn.o_proj,0.003495222656056285,0.006089616799727082,0.09062778949737549
90,eval,model.layers.15.mlp.gate_proj,0.0712248757481575,0.10794640704989433,1.8668484687805176
90,eval,model.layers.15.mlp.up_proj,0.07076504081487656,0.106290552765131,1.3482849597930908
90,eval,model.layers.15.mlp.down_proj,0.04188699647784233,0.06446967087686062,0.7226403951644897
90,eval,model.layers.16.self_attn.q_proj,0.09326628595590591,0.15946024656295776,2.4726295471191406
90,eval,model.layers.16.self_attn.k_proj,0.10405908524990082,0.16014236956834793,0.9762446880340576
90,eval,model.layers.16.self_attn.v_proj,0.0643748939037323,0.09278371930122375,0.48702895641326904
90,eval,model.layers.16.self_attn.o_proj,0.0024024805752560496,0.003963580937124789,0.0805995762348175
90,eval,model.layers.16.mlp.gate_proj,0.07726778462529182,0.11675673723220825,1.600640058517456
90,eval,model.layers.16.mlp.up_proj,0.07007982581853867,0.10458769276738167,1.123631477355957
90,eval,model.layers.16.mlp.down_proj,0.04605991579592228,0.06963404268026352,1.2246782779693604
90,eval,model.layers.17.self_attn.q_proj,0.09300544857978821,0.14864924550056458,1.6184749603271484
90,eval,model.layers.17.self_attn.k_proj,0.09503254294395447,0.15215695649385452,1.2406446933746338
90,eval,model.layers.17.self_attn.v_proj,0.07666563242673874,0.11347518488764763,0.6426641941070557
90,eval,model.layers.17.self_attn.o_proj,0.0034194682957604527,0.00536320498213172,0.06606778502464294
90,eval,model.layers.17.mlp.gate_proj,0.09697851911187172,0.14767682552337646,1.7170500755310059
90,eval,model.layers.17.mlp.up_proj,0.08151419088244438,0.12290873378515244,0.9437757730484009
90,eval,model.layers.17.mlp.down_proj,0.057527368888258934,0.08921888470649719,1.5928864479064941
90,eval,model.layers.18.self_attn.q_proj,0.08431294560432434,0.13187014311552048,1.2744970321655273
90,eval,model.layers.18.self_attn.k_proj,0.08943406865000725,0.13567256927490234,0.8648907542228699
90,eval,model.layers.18.self_attn.v_proj,0.08229458704590797,0.12147612869739532,0.7368751764297485
90,eval,model.layers.18.self_attn.o_proj,0.00404483953025192,0.007063288241624832,0.18999412655830383
90,eval,model.layers.18.mlp.gate_proj,0.08712444081902504,0.13130396977066994,1.5999658107757568
90,eval,model.layers.18.mlp.up_proj,0.0807872787117958,0.12073764577507973,0.9691134691238403
90,eval,model.layers.18.mlp.down_proj,0.05831057205796242,0.09225526452064514,1.0870027542114258
90,eval,model.layers.19.self_attn.q_proj,0.0829334408044815,0.1332191526889801,1.3151273727416992
90,eval,model.layers.19.self_attn.k_proj,0.08831973373889923,0.13326407223939896,0.7702189087867737
90,eval,model.layers.19.self_attn.v_proj,0.08641586825251579,0.1284409798681736,0.9026769995689392
90,eval,model.layers.19.self_attn.o_proj,0.004940000828355551,0.008212433196604252,0.0925552099943161
90,eval,model.layers.19.mlp.gate_proj,0.09687737002968788,0.14706500619649887,1.2916845083236694
90,eval,model.layers.19.mlp.up_proj,0.09132235124707222,0.13724549859762192,1.1837897300720215
90,eval,model.layers.19.mlp.down_proj,0.07167715579271317,0.11126972362399101,1.5808649063110352
90,eval,model.layers.20.self_attn.q_proj,0.09204062074422836,0.14896416664123535,1.7153854370117188
90,eval,model.layers.20.self_attn.k_proj,0.08774209767580032,0.13803791254758835,1.0273867845535278
90,eval,model.layers.20.self_attn.v_proj,0.09918031096458435,0.14510521292686462,1.032520055770874
90,eval,model.layers.20.self_attn.o_proj,0.007548424880951643,0.012148511130362749,0.2003767490386963
90,eval,model.layers.20.mlp.gate_proj,0.09893632307648659,0.15127010643482208,1.869882345199585
90,eval,model.layers.20.mlp.up_proj,0.09814853593707085,0.1478450521826744,1.5556745529174805
90,eval,model.layers.20.mlp.down_proj,0.08575663343071938,0.13294094055891037,2.446976661682129
90,eval,model.layers.21.self_attn.q_proj,0.07836783304810524,0.12456580996513367,1.0312118530273438
90,eval,model.layers.21.self_attn.k_proj,0.07410269230604172,0.11557634174823761,0.8705129623413086
90,eval,model.layers.21.self_attn.v_proj,0.17821288108825684,0.25902683287858963,1.6121375560760498
90,eval,model.layers.21.self_attn.o_proj,0.007098247529938817,0.013711013365536928,0.5550980567932129
90,eval,model.layers.21.mlp.gate_proj,0.09923125430941582,0.14909262210130692,3.2510528564453125
90,eval,model.layers.21.mlp.up_proj,0.09838473051786423,0.14765729755163193,4.097461700439453
90,eval,model.layers.21.mlp.down_proj,0.08719582855701447,0.18670975416898727,21.25439453125
90,eval,model.layers.22.self_attn.q_proj,0.08425979316234589,0.13466603308916092,2.0161545276641846
90,eval,model.layers.22.self_attn.k_proj,0.07515892758965492,0.11839437112212181,1.3264973163604736
90,eval,model.layers.22.self_attn.v_proj,0.1185416579246521,0.15975064784288406,0.7871585488319397
90,eval,model.layers.22.self_attn.o_proj,0.021284918300807476,0.04441722761839628,1.9543489217758179
90,eval,model.layers.22.mlp.gate_proj,0.09709978848695755,0.14632705599069595,2.219229221343994
90,eval,model.layers.22.mlp.up_proj,0.10088999196887016,0.15661083906888962,3.9817447662353516
90,eval,model.layers.22.mlp.down_proj,0.11455623805522919,0.1943473443388939,2.5577216148376465
90,eval,model.layers.23.self_attn.q_proj,0.08421114087104797,0.13988879323005676,2.140158176422119
90,eval,model.layers.23.self_attn.k_proj,0.07652411237359047,0.1256624199450016,1.602250099182129
90,eval,model.layers.23.self_attn.v_proj,0.12893123924732208,0.17966313660144806,1.3279551267623901
90,eval,model.layers.23.self_attn.o_proj,0.02601773291826248,0.06371334195137024,5.629531383514404
90,eval,model.layers.23.mlp.gate_proj,0.12052425742149353,0.19293545186519623,4.145438194274902
90,eval,model.layers.23.mlp.up_proj,0.11934426799416542,0.19700321555137634,6.36927604675293
90,eval,model.layers.23.mlp.down_proj,0.20807454735040665,0.5342707633972168,25.74529266357422
90,eval,lm_head,0.15593081712722778,0.19683526456356049,1.3869333267211914
100,train,model.layers.0.self_attn.q_proj,0.008927718736231327,0.01625461596995592,0.23974609375
100,train,model.layers.0.self_attn.k_proj,0.024722405709326267,0.05191014055162668,0.4442901611328125
100,train,model.layers.0.self_attn.v_proj,0.0005993175727780908,0.0007933807501103729,0.0052950382232666016
100,train,model.layers.0.self_attn.o_proj,0.0004973152390448377,0.0008063035056693479,0.03175896406173706
100,train,model.layers.0.mlp.gate_proj,0.01646331255324185,0.023376417811959982,0.4785020351409912
100,train,model.layers.0.mlp.up_proj,0.009327288484200835,0.012282637879252434,0.21674495935440063
100,train,model.layers.0.mlp.down_proj,0.004572429694235325,0.0061640634667128325,0.10161018371582031
100,train,model.layers.1.self_attn.q_proj,0.02485742373391986,0.03519931808114052,0.3923661708831787
100,train,model.layers.1.self_attn.k_proj,0.040236467495560646,0.0606998261064291,0.529083251953125
100,train,model.layers.1.self_attn.v_proj,0.007517644087783992,0.009650367312133312,0.04977355897426605
100,train,model.layers.1.self_attn.o_proj,0.0027414352516643703,0.0036779713118448853,0.04564276337623596
100,train,model.layers.1.mlp.gate_proj,0.02254972979426384,0.029572402127087116,0.44881296157836914
100,train,model.layers.1.mlp.up_proj,0.015224856324493885,0.019452908542007208,0.15970969200134277
100,train,model.layers.1.mlp.down_proj,0.006835948443040252,0.008877095766365528,0.08318972587585449
100,train,model.layers.2.self_attn.q_proj,0.024754588026553392,0.03388458676636219,0.24641060829162598
100,train,model.layers.2.self_attn.k_proj,0.03702396713197231,0.04918217193335295,0.25075531005859375
100,train,model.layers.2.self_attn.v_proj,0.010103949811309576,0.013020920334383845,0.06869837641716003
100,train,model.layers.2.self_attn.o_proj,0.0030522949527949095,0.004160013399086893,0.0957024097442627
100,train,model.layers.2.mlp.gate_proj,0.02816256321966648,0.036215237341821194,0.7173805236816406
100,train,model.layers.2.mlp.up_proj,0.01971519785001874,0.025640062987804413,1.647735595703125
100,train,model.layers.2.mlp.down_proj,0.011490016477182508,0.06620620237663388,13.93896484375
100,train,model.layers.3.self_attn.q_proj,0.02809010399505496,0.040246957913041115,0.4193305969238281
100,train,model.layers.3.self_attn.k_proj,0.03922934364527464,0.054151399061083794,0.3228929042816162
100,train,model.layers.3.self_attn.v_proj,0.019372752867639065,0.02546587586402893,0.12189634144306183
100,train,model.layers.3.self_attn.o_proj,0.0024947557831183076,0.003679232788272202,0.04398155212402344
100,train,model.layers.3.mlp.gate_proj,0.03338273474946618,0.043415349908173084,0.27916526794433594
100,train,model.layers.3.mlp.up_proj,0.025064853485673666,0.032692709006369114,0.35088253021240234
100,train,model.layers.3.mlp.down_proj,0.014454599935561419,0.07780484855175018,10.947509765625
100,train,model.layers.4.self_attn.q_proj,0.033788738306611776,0.046655996702611446,0.3499702215194702
100,train,model.layers.4.self_attn.k_proj,0.04152579605579376,0.05608130153268576,0.33880043029785156
100,train,model.layers.4.self_attn.v_proj,0.032212693244218826,0.0430075703188777,0.25276869535446167
100,train,model.layers.4.self_attn.o_proj,0.0043422114686109126,0.006315560429356992,0.09408485889434814
100,train,model.layers.4.mlp.gate_proj,0.04072699695825577,0.05470184423029423,0.6576447486877441
100,train,model.layers.4.mlp.up_proj,0.03121022367849946,0.04111080802977085,0.28824275732040405
100,train,model.layers.4.mlp.down_proj,0.01698040752671659,0.0229564206674695,0.3772106170654297
100,train,model.layers.5.self_attn.q_proj,0.04112986382097006,0.05823945254087448,0.7424306869506836
100,train,model.layers.5.self_attn.k_proj,0.048843526281416416,0.06754735857248306,0.4985466003417969
100,train,model.layers.5.self_attn.v_proj,0.038104196079075336,0.050891256891191006,0.2831897735595703
100,train,model.layers.5.self_attn.o_proj,0.004300731932744384,0.006293804268352687,0.15070676803588867
100,train,model.layers.5.mlp.gate_proj,0.056924497708678246,0.07749584876000881,0.6541069149971008
100,train,model.layers.5.mlp.up_proj,0.03794772829860449,0.05038437619805336,0.36856314539909363
100,train,model.layers.5.mlp.down_proj,0.01965275639668107,0.026741183828562498,0.22061216831207275
100,train,model.layers.6.self_attn.q_proj,0.04138977266848087,0.06017785519361496,0.6662118434906006
100,train,model.layers.6.self_attn.k_proj,0.05404633283615112,0.0756619330495596,0.5270180702209473
100,train,model.layers.6.self_attn.v_proj,0.03279032465070486,0.04490108601748943,0.30061042308807373
100,train,model.layers.6.self_attn.o_proj,0.0045475351507775486,0.006695602904073894,0.11420118808746338
100,train,model.layers.6.mlp.gate_proj,0.047163461335003376,0.0640553655102849,0.7443163394927979
100,train,model.layers.6.mlp.up_proj,0.039972308091819286,0.054001083597540855,0.4673187732696533
100,train,model.layers.6.mlp.down_proj,0.022617671638727188,0.03128624055534601,0.25464382767677307
100,train,model.layers.7.self_attn.q_proj,0.04754070658236742,0.06695946399122477,0.5941153168678284
100,train,model.layers.7.self_attn.k_proj,0.05945979803800583,0.08297557570040226,0.6100425720214844
100,train,model.layers.7.self_attn.v_proj,0.03986339457333088,0.055013141594827175,0.4248808026313782
100,train,model.layers.7.self_attn.o_proj,0.004215482389554381,0.006163421086966991,0.15776167809963226
100,train,model.layers.7.mlp.gate_proj,0.05011711362749338,0.0695471540093422,0.7620382308959961
100,train,model.layers.7.mlp.up_proj,0.04559947829693556,0.06314829085022211,0.6720706224441528
100,train,model.layers.7.mlp.down_proj,0.027731367386877537,0.03945029200986028,0.473095566034317
100,train,model.layers.8.self_attn.q_proj,0.05619406886398792,0.10727143660187721,4.243812561035156
100,train,model.layers.8.self_attn.k_proj,0.07014244236052036,0.10442954301834106,1.0478973388671875
100,train,model.layers.8.self_attn.v_proj,0.0432990463450551,0.06157370284199715,0.5899420976638794
100,train,model.layers.8.self_attn.o_proj,0.004827677854336798,0.008093708544038236,0.23660317063331604
100,train,model.layers.8.mlp.gate_proj,0.052527960389852524,0.07399198040366173,1.1120104789733887
100,train,model.layers.8.mlp.up_proj,0.046555071137845516,0.06476006843149662,0.7189511656761169
100,train,model.layers.8.mlp.down_proj,0.027464804705232382,0.039879178162664175,0.3764716386795044
100,train,model.layers.9.self_attn.q_proj,0.06427440419793129,0.09672030992805958,1.1850053071975708
100,train,model.layers.9.self_attn.k_proj,0.08580316044390202,0.13733679614961147,1.6767457723617554
100,train,model.layers.9.self_attn.v_proj,0.05653694178909063,0.07888571731746197,0.5771758556365967
100,train,model.layers.9.self_attn.o_proj,0.003152621036861092,0.004906364891212434,0.08305907249450684
100,train,model.layers.9.mlp.gate_proj,0.055733819492161274,0.07932119723409414,0.8904767036437988
100,train,model.layers.9.mlp.up_proj,0.05168186780065298,0.07305625174194574,0.9207571148872375
100,train,model.layers.9.mlp.down_proj,0.02809495246037841,0.041486277244985104,0.911715030670166
100,train,model.layers.10.self_attn.q_proj,0.060450184158980846,0.0896091852337122,1.226548433303833
100,train,model.layers.10.self_attn.k_proj,0.0696027996018529,0.10212150029838085,1.0811446905136108
100,train,model.layers.10.self_attn.v_proj,0.06961943861097097,0.09712610393762589,0.9003878831863403
100,train,model.layers.10.self_attn.o_proj,0.0052133414428681135,0.007972363964654505,0.2860257923603058
100,train,model.layers.10.mlp.gate_proj,0.05681633297353983,0.08198335766792297,1.1195358037948608
100,train,model.layers.10.mlp.up_proj,0.05046210717409849,0.07129659317433834,0.925798773765564
100,train,model.layers.10.mlp.down_proj,0.026432878337800503,0.03929593227803707,0.7865111827850342
100,train,model.layers.11.self_attn.q_proj,0.07332896627485752,0.11638225242495537,1.526148796081543
100,train,model.layers.11.self_attn.k_proj,0.09651849418878555,0.1603780183941126,1.6169557571411133
100,train,model.layers.11.self_attn.v_proj,0.061896270141005516,0.08800625801086426,0.873867392539978
100,train,model.layers.11.self_attn.o_proj,0.0030115028494037688,0.004933020623866469,0.13722658157348633
100,train,model.layers.11.mlp.gate_proj,0.05629683192819357,0.08082244731485844,0.8904911279678345
100,train,model.layers.11.mlp.up_proj,0.055395507253706455,0.07902925461530685,1.2261667251586914
100,train,model.layers.11.mlp.down_proj,0.02705268282443285,0.03996980329975486,1.0793973207473755
100,train,model.layers.12.self_attn.q_proj,0.07163823116570711,0.10818175040185452,1.41103994846344
100,train,model.layers.12.self_attn.k_proj,0.07619754411280155,0.11203665286302567,0.8126553297042847
100,train,model.layers.12.self_attn.v_proj,0.07831830903887749,0.11338705942034721,0.7445264458656311
100,train,model.layers.12.self_attn.o_proj,0.004901152744423598,0.007386650890111923,0.09670495986938477
100,train,model.layers.12.mlp.gate_proj,0.056735677644610405,0.0831444663926959,1.3651584386825562
100,train,model.layers.12.mlp.up_proj,0.055800480768084526,0.079671461135149,1.012232780456543
100,train,model.layers.12.mlp.down_proj,0.029139019548892975,0.04339563334360719,0.926417350769043
100,train,model.layers.13.self_attn.q_proj,0.08456896059215069,0.1351193804293871,1.5328378677368164
100,train,model.layers.13.self_attn.k_proj,0.09225098229944706,0.13836832344532013,1.4074206352233887
100,train,model.layers.13.self_attn.v_proj,0.07559504732489586,0.10850196331739426,0.6420400142669678
100,train,model.layers.13.self_attn.o_proj,0.0036299725470598787,0.005637381866108626,0.1289067268371582
100,train,model.layers.13.mlp.gate_proj,0.060438827611505985,0.08925045654177666,1.6645703315734863
100,train,model.layers.13.mlp.up_proj,0.06226298771798611,0.0903691966086626,1.2687031030654907
100,train,model.layers.13.mlp.down_proj,0.03318228526040912,0.04953465797007084,0.8020894527435303
100,train,model.layers.14.self_attn.q_proj,0.08499578759074211,0.13073092140257359,1.9060754776000977
100,train,model.layers.14.self_attn.k_proj,0.08763253502547741,0.13376887701451778,1.578054666519165
100,train,model.layers.14.self_attn.v_proj,0.08700259029865265,0.12415461242198944,1.093205213546753
100,train,model.layers.14.self_attn.o_proj,0.006003210903145373,0.009977383771911263,0.32195770740509033
100,train,model.layers.14.mlp.gate_proj,0.0609217407181859,0.09015529230237007,1.3153102397918701
100,train,model.layers.14.mlp.up_proj,0.06016606092453003,0.08698146510869265,0.8950895667076111
100,train,model.layers.14.mlp.down_proj,0.03786158422008157,0.058156125247478485,0.7498135566711426
100,train,model.layers.15.self_attn.q_proj,0.08395918272435665,0.1273910328745842,1.6058049201965332
100,train,model.layers.15.self_attn.k_proj,0.08608849346637726,0.1305119637399912,1.1840391159057617
100,train,model.layers.15.self_attn.v_proj,0.07078013010323048,0.10156117379665375,0.796556293964386
100,train,model.layers.15.self_attn.o_proj,0.004170600033830851,0.006895625498145819,0.20556336641311646
100,train,model.layers.15.mlp.gate_proj,0.06339259818196297,0.09193652868270874,1.283005714416504
100,train,model.layers.15.mlp.up_proj,0.06374886725097895,0.09205327183008194,1.5435277223587036
100,train,model.layers.15.mlp.down_proj,0.037785304710268974,0.05567640997469425,1.34763765335083
100,train,model.layers.16.self_attn.q_proj,0.08484719321131706,0.13715563155710697,1.3594450950622559
100,train,model.layers.16.self_attn.k_proj,0.0977921262383461,0.15077069401741028,1.3923015594482422
100,train,model.layers.16.self_attn.v_proj,0.05704936571419239,0.07980811782181263,0.6565064191818237
100,train,model.layers.16.self_attn.o_proj,0.003360691189300269,0.006228079029824585,0.2583146095275879
100,train,model.layers.16.mlp.gate_proj,0.06822357699275017,0.09866366349160671,1.0770994424819946
100,train,model.layers.16.mlp.up_proj,0.06207332480698824,0.0892315860837698,1.359047293663025
100,train,model.layers.16.mlp.down_proj,0.041638275142759085,0.06040809955447912,1.4042019844055176
100,train,model.layers.17.self_attn.q_proj,0.08360923361033201,0.12740293517708778,1.6742970943450928
100,train,model.layers.17.self_attn.k_proj,0.0829172870144248,0.12789064645767212,1.0785398483276367
100,train,model.layers.17.self_attn.v_proj,0.06908864993602037,0.098425118252635,0.7257007360458374
100,train,model.layers.17.self_attn.o_proj,0.004668983572628349,0.00765581987798214,0.17875945568084717
100,train,model.layers.17.mlp.gate_proj,0.08443778567016125,0.12340655364096165,2.0211427211761475
100,train,model.layers.17.mlp.up_proj,0.07170371804386377,0.10361278802156448,1.03169846534729
100,train,model.layers.17.mlp.down_proj,0.05020544119179249,0.07516036834567785,1.6184098720550537
100,train,model.layers.18.self_attn.q_proj,0.07651467341929674,0.11461774632334709,1.431328296661377
100,train,model.layers.18.self_attn.k_proj,0.08005471620708704,0.11692297831177711,0.9409923553466797
100,train,model.layers.18.self_attn.v_proj,0.0746432701125741,0.1055889893323183,0.7478439211845398
100,train,model.layers.18.self_attn.o_proj,0.005170221091248095,0.008844306925311685,0.16619771718978882
100,train,model.layers.18.mlp.gate_proj,0.07696286682039499,0.11185430735349655,1.4552781581878662
100,train,model.layers.18.mlp.up_proj,0.07089947164058685,0.10181009396910667,0.9641551375389099
100,train,model.layers.18.mlp.down_proj,0.05148761533200741,0.0768189700320363,0.7225027084350586
100,train,model.layers.19.self_attn.q_proj,0.07408297806978226,0.11378484591841698,1.2238918542861938
100,train,model.layers.19.self_attn.k_proj,0.07801211345940828,0.11293387785553932,1.0019749402999878
100,train,model.layers.19.self_attn.v_proj,0.07804160192608833,0.11126870661973953,0.9364480972290039
100,train,model.layers.19.self_attn.o_proj,0.005846740212291479,0.00982715399004519,0.17122256755828857
100,train,model.layers.19.mlp.gate_proj,0.08551516570150852,0.1253264006227255,1.7748074531555176
100,train,model.layers.19.mlp.up_proj,0.08155238442122936,0.11816870048642159,1.1892180442810059
100,train,model.layers.19.mlp.down_proj,0.06460056640207767,0.09588595200330019,1.2595059871673584
100,train,model.layers.20.self_attn.q_proj,0.08031242992728949,0.12231305614113808,1.4202654361724854
100,train,model.layers.20.self_attn.k_proj,0.07839118409901857,0.11780804581940174,1.1445648670196533
100,train,model.layers.20.self_attn.v_proj,0.08960260450839996,0.1275016814470291,0.8846797943115234
100,train,model.layers.20.self_attn.o_proj,0.007408621138893068,0.01099568884819746,0.20036840438842773
100,train,model.layers.20.mlp.gate_proj,0.08805588912218809,0.12860934808850288,1.8483824729919434
100,train,model.layers.20.mlp.up_proj,0.08701790682971478,0.12587195821106434,1.3584634065628052
100,train,model.layers.20.mlp.down_proj,0.07624422293156385,0.11309067346155643,1.696371078491211
100,train,model.layers.21.self_attn.q_proj,0.07051066029816866,0.10695874504745007,1.2560195922851562
100,train,model.layers.21.self_attn.k_proj,0.06551962532103062,0.10091422684490681,1.089208722114563
100,train,model.layers.21.self_attn.v_proj,0.16243649646639824,0.23650779575109482,2.0121946334838867
100,train,model.layers.21.self_attn.o_proj,0.009060553624294698,0.016712030861526728,0.5585837364196777
100,train,model.layers.21.mlp.gate_proj,0.08714979607611895,0.12692629359662533,4.772945404052734
100,train,model.layers.21.mlp.up_proj,0.08720255643129349,0.1269546691328287,6.512641906738281
100,train,model.layers.21.mlp.down_proj,0.07380565162748098,0.180038969963789,21.2542724609375
100,train,model.layers.22.self_attn.q_proj,0.0830641333013773,0.15789461322128773,4.397881984710693
100,train,model.layers.22.self_attn.k_proj,0.0743925180286169,0.13908963464200497,3.4555554389953613
100,train,model.layers.22.self_attn.v_proj,0.11695470474660397,0.16249418072402477,1.3673546314239502
100,train,model.layers.22.self_attn.o_proj,0.01609904202632606,0.03388783801347017,3.5814080238342285
100,train,model.layers.22.mlp.gate_proj,0.09113755449652672,0.1571066454052925,5.0537943840026855
100,train,model.layers.22.mlp.up_proj,0.09627931378781796,0.17832922004163265,9.333988189697266
100,train,model.layers.22.mlp.down_proj,0.11073119379580021,0.23088021203875542,10.140741348266602
100,train,model.layers.23.self_attn.q_proj,0.08279488980770111,0.16497738100588322,5.346052646636963
100,train,model.layers.23.self_attn.k_proj,0.07792134676128626,0.15010506100952625,2.7137656211853027
100,train,model.layers.23.self_attn.v_proj,0.12426544353365898,0.1948749888688326,2.918199062347412
100,train,model.layers.23.self_attn.o_proj,0.026925082318484783,0.07551191840320826,7.048376083374023
100,train,model.layers.23.mlp.gate_proj,0.1163327656686306,0.2235257811844349,9.310844421386719
100,train,model.layers.23.mlp.up_proj,0.11663726717233658,0.23312940821051598,10.242681503295898
100,train,model.layers.23.mlp.down_proj,0.17707929573953152,0.47823087126016617,26.105655670166016
100,train,lm_head,0.1362069956958294,0.17038403637707233,1.104095220565796
100,eval,model.layers.0.self_attn.q_proj,0.009157278575003147,0.016501497477293015,0.2198333740234375
100,eval,model.layers.0.self_attn.k_proj,0.024844923987984657,0.05232885852456093,0.4435272216796875
100,eval,model.layers.0.self_attn.v_proj,0.0006014576647430658,0.0007960261427797377,0.0052950382232666016
100,eval,model.layers.0.self_attn.o_proj,0.00039779582584742457,0.00062180106760934,0.024337708950042725
100,eval,model.layers.0.mlp.gate_proj,0.015085808001458645,0.021568882279098034,0.5943036079406738
100,eval,model.layers.0.mlp.up_proj,0.008818882517516613,0.01148008368909359,0.18503999710083008
100,eval,model.layers.0.mlp.down_proj,0.004247973440214992,0.00568819185718894,0.09147095680236816
100,eval,model.layers.1.self_attn.q_proj,0.023273035883903503,0.032772679813206196,0.2824205160140991
100,eval,model.layers.1.self_attn.k_proj,0.03823009878396988,0.060310930013656616,0.551025390625
100,eval,model.layers.1.self_attn.v_proj,0.007008258020505309,0.008936486672610044,0.05200657248497009
100,eval,model.layers.1.self_attn.o_proj,0.0026606516912579536,0.003610741929151118,0.048963308334350586
100,eval,model.layers.1.mlp.gate_proj,0.02126157470047474,0.027728235349059105,0.43318986892700195
100,eval,model.layers.1.mlp.up_proj,0.01430368423461914,0.018129740841686726,0.1186361312866211
100,eval,model.layers.1.mlp.down_proj,0.006596500054001808,0.00845713960006833,0.10343217849731445
100,eval,model.layers.2.self_attn.q_proj,0.023722841404378414,0.03232427127659321,0.23012590408325195
100,eval,model.layers.2.self_attn.k_proj,0.03600902855396271,0.047978613525629044,0.30652618408203125
100,eval,model.layers.2.self_attn.v_proj,0.00971895083785057,0.012508986052125692,0.07146541774272919
100,eval,model.layers.2.self_attn.o_proj,0.003066719975322485,0.0041465486865490675,0.07553184032440186
100,eval,model.layers.2.mlp.gate_proj,0.027267429046332836,0.03487282991409302,0.4683246612548828
100,eval,model.layers.2.mlp.up_proj,0.01888278592377901,0.02451257687062025,1.647735595703125
100,eval,model.layers.2.mlp.down_proj,0.011996804270893335,0.08979520760476589,13.93896484375
100,eval,model.layers.3.self_attn.q_proj,0.02678097691386938,0.03829755634069443,0.3395256996154785
100,eval,model.layers.3.self_attn.k_proj,0.03662542253732681,0.05041190981864929,0.31630635261535645
100,eval,model.layers.3.self_attn.v_proj,0.01948723942041397,0.025426669046282768,0.11328497529029846
100,eval,model.layers.3.self_attn.o_proj,0.00238531909417361,0.003465681686066091,0.03285983204841614
100,eval,model.layers.3.mlp.gate_proj,0.03201505169272423,0.04156152158975601,0.25583088397979736
100,eval,model.layers.3.mlp.up_proj,0.02411107812076807,0.03134543355554342,0.27089405059814453
100,eval,model.layers.3.mlp.down_proj,0.01373719098046422,0.06995495036244392,8.76031494140625
100,eval,model.layers.4.self_attn.q_proj,0.03168820682913065,0.04347578063607216,0.29975372552871704
100,eval,model.layers.4.self_attn.k_proj,0.03898361511528492,0.052260445430874825,0.24033355712890625
100,eval,model.layers.4.self_attn.v_proj,0.03036933485418558,0.04066962003707886,0.17846369743347168
100,eval,model.layers.4.self_attn.o_proj,0.00391545903403312,0.005782000254839659,0.058950185775756836
100,eval,model.layers.4.mlp.gate_proj,0.03931497409939766,0.052863627672195435,0.5735567212104797
100,eval,model.layers.4.mlp.up_proj,0.02982215117663145,0.03924206830561161,0.2463495135307312
100,eval,model.layers.4.mlp.down_proj,0.016635360196232796,0.02240558620542288,0.36112499237060547
100,eval,model.layers.5.self_attn.q_proj,0.04014982655644417,0.05744347721338272,0.5744085311889648
100,eval,model.layers.5.self_attn.k_proj,0.04747673310339451,0.06686108931899071,0.3632238507270813
100,eval,model.layers.5.self_attn.v_proj,0.037463102489709854,0.05084380879998207,0.21254855394363403
100,eval,model.layers.5.self_attn.o_proj,0.0035654495004564524,0.005432882346212864,0.08537018299102783
100,eval,model.layers.5.mlp.gate_proj,0.0566908810287714,0.07735887914896011,0.5732412338256836
100,eval,model.layers.5.mlp.up_proj,0.03726813942193985,0.04969783499836922,0.32104721665382385
100,eval,model.layers.5.mlp.down_proj,0.019463502801954746,0.02684049028903246,0.22869348526000977
100,eval,model.layers.6.self_attn.q_proj,0.040735429152846336,0.05954821594059467,0.6014108657836914
100,eval,model.layers.6.self_attn.k_proj,0.05468771234154701,0.07874703779816628,0.5116143226623535
100,eval,model.layers.6.self_attn.v_proj,0.0325743667781353,0.04555467329919338,0.27054518461227417
100,eval,model.layers.6.self_attn.o_proj,0.0037573141744360328,0.0054870471358299255,0.11930511146783829
100,eval,model.layers.6.mlp.gate_proj,0.04874003492295742,0.06623582169413567,0.509178638458252
100,eval,model.layers.6.mlp.up_proj,0.04017156921327114,0.054346250370144844,0.3913395404815674
100,eval,model.layers.6.mlp.down_proj,0.02473766729235649,0.03467182349413633,0.23029419779777527
100,eval,model.layers.7.self_attn.q_proj,0.0495038740336895,0.07080962508916855,0.7548255920410156
100,eval,model.layers.7.self_attn.k_proj,0.06332589313387871,0.08913229033350945,0.4232656955718994
100,eval,model.layers.7.self_attn.v_proj,0.045413946732878685,0.06405459716916084,0.34477698802948
100,eval,model.layers.7.self_attn.o_proj,0.004287929623387754,0.006292975507676601,0.09710919857025146
100,eval,model.layers.7.mlp.gate_proj,0.05445629730820656,0.07611075788736343,0.6264364719390869
100,eval,model.layers.7.mlp.up_proj,0.04945112764835358,0.06922904774546623,0.6010845303535461
100,eval,model.layers.7.mlp.down_proj,0.028832878917455673,0.041434429585933685,0.413782000541687
100,eval,model.layers.8.self_attn.q_proj,0.056448135524988174,0.10046673938632011,3.7665462493896484
100,eval,model.layers.8.self_attn.k_proj,0.07374244555830956,0.11105253919959068,1.0684051513671875
100,eval,model.layers.8.self_attn.v_proj,0.04469164460897446,0.06435424089431763,0.43119311332702637
100,eval,model.layers.8.self_attn.o_proj,0.003935593762435019,0.006631783675402403,0.14695614576339722
100,eval,model.layers.8.mlp.gate_proj,0.05509172938764095,0.07860370725393295,0.8927180767059326
100,eval,model.layers.8.mlp.up_proj,0.04898080974817276,0.06918694823980331,0.7914255857467651
100,eval,model.layers.8.mlp.down_proj,0.02832044567912817,0.0421371441334486,0.5940338373184204
100,eval,model.layers.9.self_attn.q_proj,0.06495658680796623,0.10073040053248405,1.0087203979492188
100,eval,model.layers.9.self_attn.k_proj,0.08913271874189377,0.142092764377594,0.9545431137084961
100,eval,model.layers.9.self_attn.v_proj,0.058728182688355446,0.08382001146674156,0.48720356822013855
100,eval,model.layers.9.self_attn.o_proj,0.003019585506990552,0.0048516986425966024,0.11269021034240723
100,eval,model.layers.9.mlp.gate_proj,0.05692533403635025,0.08220165967941284,0.8643131256103516
100,eval,model.layers.9.mlp.up_proj,0.05347497947514057,0.07710545882582664,0.8562090396881104
100,eval,model.layers.9.mlp.down_proj,0.02941967360675335,0.04400463402271271,0.5903410911560059
100,eval,model.layers.10.self_attn.q_proj,0.06291232630610466,0.0954362004995346,0.7923104763031006
100,eval,model.layers.10.self_attn.k_proj,0.07400409877300262,0.1112329363822937,0.7382970452308655
100,eval,model.layers.10.self_attn.v_proj,0.07326708361506462,0.10581360384821892,0.5770653486251831
100,eval,model.layers.10.self_attn.o_proj,0.00421332917176187,0.0067077744752168655,0.13565587997436523
100,eval,model.layers.10.mlp.gate_proj,0.058887381106615067,0.08653445914387703,0.9544293284416199
100,eval,model.layers.10.mlp.up_proj,0.05287851206958294,0.07632636651396751,0.8909716606140137
100,eval,model.layers.10.mlp.down_proj,0.028578653000295162,0.04360025376081467,0.57187819480896
100,eval,model.layers.11.self_attn.q_proj,0.07996020838618279,0.1263965107500553,1.0046882629394531
100,eval,model.layers.11.self_attn.k_proj,0.09765537828207016,0.15783727169036865,1.1695356369018555
100,eval,model.layers.11.self_attn.v_proj,0.06482019275426865,0.0927865095436573,0.45433568954467773
100,eval,model.layers.11.self_attn.o_proj,0.002810961101204157,0.004553937702439725,0.08799540996551514
100,eval,model.layers.11.mlp.gate_proj,0.059265244752168655,0.0869763009250164,1.0037899017333984
100,eval,model.layers.11.mlp.up_proj,0.05806722864508629,0.0845281295478344,0.7844619750976562
100,eval,model.layers.11.mlp.down_proj,0.02862704172730446,0.04346674866974354,0.9552314281463623
100,eval,model.layers.12.self_attn.q_proj,0.07731861621141434,0.12062498182058334,1.2202997207641602
100,eval,model.layers.12.self_attn.k_proj,0.08847363293170929,0.1345294862985611,0.8056797981262207
100,eval,model.layers.12.self_attn.v_proj,0.08533258736133575,0.12556879594922066,0.833191454410553
100,eval,model.layers.12.self_attn.o_proj,0.004030292853713036,0.006452663103118539,0.11953470855951309
100,eval,model.layers.12.mlp.gate_proj,0.06107277795672417,0.09179991111159325,1.16188383102417
100,eval,model.layers.12.mlp.up_proj,0.05985691770911217,0.08782466128468513,0.8896579146385193
100,eval,model.layers.12.mlp.down_proj,0.0315563790500164,0.04816272109746933,0.41296645998954773
100,eval,model.layers.13.self_attn.q_proj,0.09181910380721092,0.1486971154808998,1.3521915674209595
100,eval,model.layers.13.self_attn.k_proj,0.09826283901929855,0.15151266753673553,1.0735615491867065
100,eval,model.layers.13.self_attn.v_proj,0.0838085189461708,0.12340233102440834,0.8797103762626648
100,eval,model.layers.13.self_attn.o_proj,0.002571276854723692,0.004250983358360827,0.05793929100036621
100,eval,model.layers.13.mlp.gate_proj,0.06481555476784706,0.09866855666041374,1.8131701946258545
100,eval,model.layers.13.mlp.up_proj,0.06727466732263565,0.10020479187369347,0.9029210805892944
100,eval,model.layers.13.mlp.down_proj,0.03653320483863354,0.05673040449619293,0.5781652927398682
100,eval,model.layers.14.self_attn.q_proj,0.09866809472441673,0.15956513583660126,1.5695009231567383
100,eval,model.layers.14.self_attn.k_proj,0.09875178709626198,0.15403039753437042,0.9603851437568665
100,eval,model.layers.14.self_attn.v_proj,0.09558798000216484,0.14056610316038132,0.8327724933624268
100,eval,model.layers.14.self_attn.o_proj,0.004458529409021139,0.007971372222527862,0.1579301357269287
100,eval,model.layers.14.mlp.gate_proj,0.06788422912359238,0.1032305434346199,1.2606620788574219
100,eval,model.layers.14.mlp.up_proj,0.06716958433389664,0.10078908130526543,1.115833044052124
100,eval,model.layers.14.mlp.down_proj,0.04571509547531605,0.07439324632287025,0.8147876262664795
100,eval,model.layers.15.self_attn.q_proj,0.09286694973707199,0.14787375181913376,1.324049472808838
100,eval,model.layers.15.self_attn.k_proj,0.09584711492061615,0.1487838178873062,1.1310901641845703
100,eval,model.layers.15.self_attn.v_proj,0.07816578075289726,0.11543211340904236,0.6278319954872131
100,eval,model.layers.15.self_attn.o_proj,0.0034963402431458235,0.006092320429161191,0.08931577205657959
100,eval,model.layers.15.mlp.gate_proj,0.07129282131791115,0.10808486118912697,1.8643158674240112
100,eval,model.layers.15.mlp.up_proj,0.07083630189299583,0.10643840581178665,1.3524651527404785
100,eval,model.layers.15.mlp.down_proj,0.04194093681871891,0.06456843949854374,0.7264065742492676
100,eval,model.layers.16.self_attn.q_proj,0.09332242608070374,0.1596035435795784,2.4760208129882812
100,eval,model.layers.16.self_attn.k_proj,0.10405619069933891,0.16011793911457062,0.9746692180633545
100,eval,model.layers.16.self_attn.v_proj,0.06441964395344257,0.09287838265299797,0.48750436305999756
100,eval,model.layers.16.self_attn.o_proj,0.0024086289340630174,0.003975897911004722,0.08063971996307373
100,eval,model.layers.16.mlp.gate_proj,0.07733037322759628,0.11687902733683586,1.6033978462219238
100,eval,model.layers.16.mlp.up_proj,0.07013649493455887,0.10470150411128998,1.1228327751159668
100,eval,model.layers.16.mlp.down_proj,0.046092551201581955,0.06969890370965004,1.227358102798462
100,eval,model.layers.17.self_attn.q_proj,0.09308937564492226,0.14882636815309525,1.618438720703125
100,eval,model.layers.17.self_attn.k_proj,0.09511182457208633,0.15234220027923584,1.2403345108032227
100,eval,model.layers.17.self_attn.v_proj,0.07673747465014458,0.11360949277877808,0.6468565464019775
100,eval,model.layers.17.self_attn.o_proj,0.003419507062062621,0.005363678326830268,0.06590220332145691
100,eval,model.layers.17.mlp.gate_proj,0.09705380722880363,0.1478351205587387,1.7156336307525635
100,eval,model.layers.17.mlp.up_proj,0.08158458396792412,0.12305749952793121,0.9444491267204285
100,eval,model.layers.17.mlp.down_proj,0.05757894553244114,0.08932209014892578,1.5984272956848145
100,eval,model.layers.18.self_attn.q_proj,0.08438770100474358,0.13202238082885742,1.2744140625
100,eval,model.layers.18.self_attn.k_proj,0.08950775489211082,0.13587254285812378,0.86738121509552
100,eval,model.layers.18.self_attn.v_proj,0.08234057575464249,0.1215893067419529,0.7364095449447632
100,eval,model.layers.18.self_attn.o_proj,0.0040433366084471345,0.007062398828566074,0.1903146356344223
100,eval,model.layers.18.mlp.gate_proj,0.08719716966152191,0.13146020844578743,1.5995473861694336
100,eval,model.layers.18.mlp.up_proj,0.08086271956562996,0.12089569494128227,0.9706872701644897
100,eval,model.layers.18.mlp.down_proj,0.05835074931383133,0.09235525131225586,1.0926475524902344
100,eval,model.layers.19.self_attn.q_proj,0.08297542855143547,0.133332759141922,1.3182073831558228
100,eval,model.layers.19.self_attn.k_proj,0.08839410170912743,0.13343552500009537,0.7697575688362122
100,eval,model.layers.19.self_attn.v_proj,0.08648598939180374,0.1285996213555336,0.9044730067253113
100,eval,model.layers.19.self_attn.o_proj,0.00494066602550447,0.008212047163397074,0.09252633154392242
100,eval,model.layers.19.mlp.gate_proj,0.09694550186395645,0.14722677320241928,1.2918319702148438
100,eval,model.layers.19.mlp.up_proj,0.09139363467693329,0.13740499317646027,1.185578465461731
100,eval,model.layers.19.mlp.down_proj,0.07173678651452065,0.11139235273003578,1.5856256484985352
100,eval,model.layers.20.self_attn.q_proj,0.09212273359298706,0.1491299495100975,1.7165908813476562
100,eval,model.layers.20.self_attn.k_proj,0.08777108788490295,0.13815190643072128,1.0225536823272705
100,eval,model.layers.20.self_attn.v_proj,0.09922539442777634,0.14523106068372726,1.0343809127807617
100,eval,model.layers.20.self_attn.o_proj,0.007541961269453168,0.012129049748182297,0.19934403896331787
100,eval,model.layers.20.mlp.gate_proj,0.09900541231036186,0.15144573152065277,1.878309965133667
100,eval,model.layers.20.mlp.up_proj,0.09821180999279022,0.14799664914608002,1.5562570095062256
100,eval,model.layers.20.mlp.down_proj,0.0858423300087452,0.13316401094198227,2.458350658416748
100,eval,model.layers.21.self_attn.q_proj,0.07844331488013268,0.12472387030720711,1.029806137084961
100,eval,model.layers.21.self_attn.k_proj,0.074137132614851,0.11569100618362427,0.8747920989990234
100,eval,model.layers.21.self_attn.v_proj,0.17826291918754578,0.25923165678977966,1.6195188760757446
100,eval,model.layers.21.self_attn.o_proj,0.007086530327796936,0.013685254380106926,0.5534656047821045
100,eval,model.layers.21.mlp.gate_proj,0.09932274371385574,0.1493004560470581,3.2582931518554688
100,eval,model.layers.21.mlp.up_proj,0.09846608340740204,0.1478581428527832,4.125888824462891
100,eval,model.layers.21.mlp.down_proj,0.08729936182498932,0.1875608116388321,21.2542724609375
100,eval,model.layers.22.self_attn.q_proj,0.08434305712580681,0.13496431335806847,2.042074680328369
100,eval,model.layers.22.self_attn.k_proj,0.07524092867970467,0.11859473958611488,1.3423182964324951
100,eval,model.layers.22.self_attn.v_proj,0.11861765384674072,0.15988725423812866,0.7847559452056885
100,eval,model.layers.22.self_attn.o_proj,0.021351546980440617,0.04465868230909109,1.9663954973220825
100,eval,model.layers.22.mlp.gate_proj,0.09726621210575104,0.14679647237062454,2.2427334785461426
100,eval,model.layers.22.mlp.up_proj,0.10107522830367088,0.1571754291653633,4.028454780578613
100,eval,model.layers.22.mlp.down_proj,0.11481723561882973,0.19514166563749313,2.589905261993408
100,eval,model.layers.23.self_attn.q_proj,0.08436715602874756,0.14032675698399544,2.1689891815185547
100,eval,model.layers.23.self_attn.k_proj,0.07664377242326736,0.12604624778032303,1.6260287761688232
100,eval,model.layers.23.self_attn.v_proj,0.129118911921978,0.1800074577331543,1.3370126485824585
100,eval,model.layers.23.self_attn.o_proj,0.026029203087091446,0.06385979615151882,5.647344589233398
100,eval,model.layers.23.mlp.gate_proj,0.12072650343179703,0.19354409724473953,4.1742167472839355
100,eval,model.layers.23.mlp.up_proj,0.11957122758030891,0.19769170135259628,6.421489715576172
100,eval,model.layers.23.mlp.down_proj,0.2087382972240448,0.537323459982872,26.105655670166016
100,eval,lm_head,0.15659528598189354,0.19768603146076202,1.399057388305664
